-- Auto-generated seed. Run scripts/build-realisaties.mjs.
PRAGMA foreign_keys=OFF;
DELETE FROM project_images;
DELETE FROM projects;
DELETE FROM categories;
DELETE FROM posts;
INSERT INTO categories (id, slug, name, description, cover_image, sort_order, created_at) VALUES (1, 'trappen', 'Trappen', 'Stalen binnen- en buitentrappen op maat — van strakke spiltrappen tot robuuste gegalvaniseerde buitentrappen.', '/images/categories/trappen.webp', 0, 1717000000);
INSERT INTO categories (id, slug, name, description, cover_image, sort_order, created_at) VALUES (2, 'leuningen', 'Leuningen', 'Leuningen en balustrades in staal, inox of glas. Veilig, strak en perfect op maat afgewerkt.', '/images/categories/leuningen.webp', 1, 1717000000);
INSERT INTO categories (id, slug, name, description, cover_image, sort_order, created_at) VALUES (3, 'poorten', 'Poorten', 'Stalen poorten en hekwerk — manueel of gemotoriseerd, sober of decoratief.', '/images/categories/poorten.webp', 2, 1717000000);
INSERT INTO categories (id, slug, name, description, cover_image, sort_order, created_at) VALUES (4, 'fietsenstallingen', 'Fietsenstallingen', 'Fietsenstallingen en overkappingen voor de publieke ruimte, bedrijven en residenties.', '/images/categories/fietsenstallingen.webp', 3, 1717000000);
INSERT INTO categories (id, slug, name, description, cover_image, sort_order, created_at) VALUES (5, 'staalconstructies', 'Staalconstructies', 'Draagstructuren, bordessen en industriële staalbouw — berekend, gelast en gemonteerd.', '/images/categories/staalconstructies.webp', 4, 1717000000);
INSERT INTO categories (id, slug, name, description, cover_image, sort_order, created_at) VALUES (6, 'gevelconstructies', 'Gevelconstructies', 'Stalen gevelconstructies en draagstructuren voor bekleding, met oog voor detail en duurzaamheid.', '/images/categories/gevelconstructies.webp', 5, 1717000000);
INSERT INTO categories (id, slug, name, description, cover_image, sort_order, created_at) VALUES (7, 'stalen-schrijnwerk', 'Stalen schrijnwerk', 'Stalen ramen, deuren en taatsdeuren met fijne profielen — tijdloos en op maat.', '/images/categories/stalen-schrijnwerk.webp', 6, 1717000000);
INSERT INTO projects (id, slug, title, category_id, location, year, description, cover_image, published, featured, sort_order, created_at, updated_at) VALUES (1, 'stalen-trap-01', 'Stalen trap 01', 1, NULL, NULL, 'Een op maat gemaakte stalen trap, ontworpen, geproduceerd en gemonteerd door Thimafer.', '/images/realisaties/trappen/stalen-trap-01/cover.webp', 1, 1, 0, 1717000000, 1717000000);
INSERT INTO project_images (id, project_id, url, alt, sort_order) VALUES (1, 1, '/images/realisaties/trappen/stalen-trap-01/g-1.webp', 'Stalen trap 01', 0);
INSERT INTO project_images (id, project_id, url, alt, sort_order) VALUES (2, 1, '/images/realisaties/trappen/stalen-trap-01/g-2.webp', 'Stalen trap 01', 1);
INSERT INTO project_images (id, project_id, url, alt, sort_order) VALUES (3, 1, '/images/realisaties/trappen/stalen-trap-01/g-3.webp', 'Stalen trap 01', 2);
INSERT INTO project_images (id, project_id, url, alt, sort_order) VALUES (4, 1, '/images/realisaties/trappen/stalen-trap-01/g-4.webp', 'Stalen trap 01', 3);
INSERT INTO projects (id, slug, title, category_id, location, year, description, cover_image, published, featured, sort_order, created_at, updated_at) VALUES (2, 'stalen-trap-02', 'Stalen trap 02', 1, NULL, NULL, 'Een op maat gemaakte stalen trap, ontworpen, geproduceerd en gemonteerd door Thimafer.', '/images/realisaties/trappen/stalen-trap-02/cover.webp', 1, 0, 1, 1717000000, 1717000000);
INSERT INTO project_images (id, project_id, url, alt, sort_order) VALUES (5, 2, '/images/realisaties/trappen/stalen-trap-02/g-1.webp', 'Stalen trap 02', 0);
INSERT INTO projects (id, slug, title, category_id, location, year, description, cover_image, published, featured, sort_order, created_at, updated_at) VALUES (3, 'stalen-trap-03', 'Stalen trap 03', 1, NULL, NULL, 'Een op maat gemaakte stalen trap, ontworpen, geproduceerd en gemonteerd door Thimafer.', '/images/realisaties/trappen/stalen-trap-03/cover.webp', 1, 0, 2, 1717000000, 1717000000);
INSERT INTO project_images (id, project_id, url, alt, sort_order) VALUES (6, 3, '/images/realisaties/trappen/stalen-trap-03/g-1.webp', 'Stalen trap 03', 0);
INSERT INTO project_images (id, project_id, url, alt, sort_order) VALUES (7, 3, '/images/realisaties/trappen/stalen-trap-03/g-2.webp', 'Stalen trap 03', 1);
INSERT INTO project_images (id, project_id, url, alt, sort_order) VALUES (8, 3, '/images/realisaties/trappen/stalen-trap-03/g-3.webp', 'Stalen trap 03', 2);
INSERT INTO project_images (id, project_id, url, alt, sort_order) VALUES (9, 3, '/images/realisaties/trappen/stalen-trap-03/g-4.webp', 'Stalen trap 03', 3);
INSERT INTO project_images (id, project_id, url, alt, sort_order) VALUES (10, 3, '/images/realisaties/trappen/stalen-trap-03/g-5.webp', 'Stalen trap 03', 4);
INSERT INTO project_images (id, project_id, url, alt, sort_order) VALUES (11, 3, '/images/realisaties/trappen/stalen-trap-03/g-6.webp', 'Stalen trap 03', 5);
INSERT INTO projects (id, slug, title, category_id, location, year, description, cover_image, published, featured, sort_order, created_at, updated_at) VALUES (4, 'stalen-trap-04', 'Stalen trap 04', 1, NULL, NULL, 'Een op maat gemaakte stalen trap, ontworpen, geproduceerd en gemonteerd door Thimafer.', '/images/realisaties/trappen/stalen-trap-04/cover.webp', 1, 0, 3, 1717000000, 1717000000);
INSERT INTO project_images (id, project_id, url, alt, sort_order) VALUES (12, 4, '/images/realisaties/trappen/stalen-trap-04/g-1.webp', 'Stalen trap 04', 0);
INSERT INTO project_images (id, project_id, url, alt, sort_order) VALUES (13, 4, '/images/realisaties/trappen/stalen-trap-04/g-2.webp', 'Stalen trap 04', 1);
INSERT INTO project_images (id, project_id, url, alt, sort_order) VALUES (14, 4, '/images/realisaties/trappen/stalen-trap-04/g-3.webp', 'Stalen trap 04', 2);
INSERT INTO project_images (id, project_id, url, alt, sort_order) VALUES (15, 4, '/images/realisaties/trappen/stalen-trap-04/g-4.webp', 'Stalen trap 04', 3);
INSERT INTO project_images (id, project_id, url, alt, sort_order) VALUES (16, 4, '/images/realisaties/trappen/stalen-trap-04/g-5.webp', 'Stalen trap 04', 4);
INSERT INTO project_images (id, project_id, url, alt, sort_order) VALUES (17, 4, '/images/realisaties/trappen/stalen-trap-04/g-6.webp', 'Stalen trap 04', 5);
INSERT INTO project_images (id, project_id, url, alt, sort_order) VALUES (18, 4, '/images/realisaties/trappen/stalen-trap-04/g-7.webp', 'Stalen trap 04', 6);
INSERT INTO project_images (id, project_id, url, alt, sort_order) VALUES (19, 4, '/images/realisaties/trappen/stalen-trap-04/g-8.webp', 'Stalen trap 04', 7);
INSERT INTO projects (id, slug, title, category_id, location, year, description, cover_image, published, featured, sort_order, created_at, updated_at) VALUES (5, 'stalen-trap-05', 'Stalen trap 05', 1, NULL, NULL, 'Een op maat gemaakte stalen trap, ontworpen, geproduceerd en gemonteerd door Thimafer.', '/images/realisaties/trappen/stalen-trap-05/cover.webp', 1, 0, 4, 1717000000, 1717000000);
INSERT INTO project_images (id, project_id, url, alt, sort_order) VALUES (20, 5, '/images/realisaties/trappen/stalen-trap-05/g-1.webp', 'Stalen trap 05', 0);
INSERT INTO projects (id, slug, title, category_id, location, year, description, cover_image, published, featured, sort_order, created_at, updated_at) VALUES (6, 'stalen-trap-06', 'Stalen trap 06', 1, NULL, NULL, 'Een op maat gemaakte stalen trap, ontworpen, geproduceerd en gemonteerd door Thimafer.', '/images/realisaties/trappen/stalen-trap-06/cover.webp', 1, 0, 5, 1717000000, 1717000000);
INSERT INTO project_images (id, project_id, url, alt, sort_order) VALUES (21, 6, '/images/realisaties/trappen/stalen-trap-06/g-1.webp', 'Stalen trap 06', 0);
INSERT INTO project_images (id, project_id, url, alt, sort_order) VALUES (22, 6, '/images/realisaties/trappen/stalen-trap-06/g-2.webp', 'Stalen trap 06', 1);
INSERT INTO project_images (id, project_id, url, alt, sort_order) VALUES (23, 6, '/images/realisaties/trappen/stalen-trap-06/g-3.webp', 'Stalen trap 06', 2);
INSERT INTO project_images (id, project_id, url, alt, sort_order) VALUES (24, 6, '/images/realisaties/trappen/stalen-trap-06/g-4.webp', 'Stalen trap 06', 3);
INSERT INTO project_images (id, project_id, url, alt, sort_order) VALUES (25, 6, '/images/realisaties/trappen/stalen-trap-06/g-5.webp', 'Stalen trap 06', 4);
INSERT INTO project_images (id, project_id, url, alt, sort_order) VALUES (26, 6, '/images/realisaties/trappen/stalen-trap-06/g-6.webp', 'Stalen trap 06', 5);
INSERT INTO project_images (id, project_id, url, alt, sort_order) VALUES (27, 6, '/images/realisaties/trappen/stalen-trap-06/g-7.webp', 'Stalen trap 06', 6);
INSERT INTO projects (id, slug, title, category_id, location, year, description, cover_image, published, featured, sort_order, created_at, updated_at) VALUES (7, 'stalen-trap-07', 'Stalen trap 07', 1, NULL, NULL, 'Een op maat gemaakte stalen trap, ontworpen, geproduceerd en gemonteerd door Thimafer.', '/images/realisaties/trappen/stalen-trap-07/cover.webp', 1, 0, 6, 1717000000, 1717000000);
INSERT INTO project_images (id, project_id, url, alt, sort_order) VALUES (28, 7, '/images/realisaties/trappen/stalen-trap-07/g-1.webp', 'Stalen trap 07', 0);
INSERT INTO project_images (id, project_id, url, alt, sort_order) VALUES (29, 7, '/images/realisaties/trappen/stalen-trap-07/g-2.webp', 'Stalen trap 07', 1);
INSERT INTO project_images (id, project_id, url, alt, sort_order) VALUES (30, 7, '/images/realisaties/trappen/stalen-trap-07/g-3.webp', 'Stalen trap 07', 2);
INSERT INTO project_images (id, project_id, url, alt, sort_order) VALUES (31, 7, '/images/realisaties/trappen/stalen-trap-07/g-4.webp', 'Stalen trap 07', 3);
INSERT INTO project_images (id, project_id, url, alt, sort_order) VALUES (32, 7, '/images/realisaties/trappen/stalen-trap-07/g-5.webp', 'Stalen trap 07', 4);
INSERT INTO project_images (id, project_id, url, alt, sort_order) VALUES (33, 7, '/images/realisaties/trappen/stalen-trap-07/g-6.webp', 'Stalen trap 07', 5);
INSERT INTO project_images (id, project_id, url, alt, sort_order) VALUES (34, 7, '/images/realisaties/trappen/stalen-trap-07/g-7.webp', 'Stalen trap 07', 6);
INSERT INTO projects (id, slug, title, category_id, location, year, description, cover_image, published, featured, sort_order, created_at, updated_at) VALUES (8, 'stalen-trap-08', 'Stalen trap 08', 1, NULL, NULL, 'Een op maat gemaakte stalen trap, ontworpen, geproduceerd en gemonteerd door Thimafer.', '/images/realisaties/trappen/stalen-trap-08/cover.webp', 1, 0, 7, 1717000000, 1717000000);
INSERT INTO project_images (id, project_id, url, alt, sort_order) VALUES (35, 8, '/images/realisaties/trappen/stalen-trap-08/g-1.webp', 'Stalen trap 08', 0);
INSERT INTO project_images (id, project_id, url, alt, sort_order) VALUES (36, 8, '/images/realisaties/trappen/stalen-trap-08/g-2.webp', 'Stalen trap 08', 1);
INSERT INTO project_images (id, project_id, url, alt, sort_order) VALUES (37, 8, '/images/realisaties/trappen/stalen-trap-08/g-3.webp', 'Stalen trap 08', 2);
INSERT INTO project_images (id, project_id, url, alt, sort_order) VALUES (38, 8, '/images/realisaties/trappen/stalen-trap-08/g-4.webp', 'Stalen trap 08', 3);
INSERT INTO project_images (id, project_id, url, alt, sort_order) VALUES (39, 8, '/images/realisaties/trappen/stalen-trap-08/g-5.webp', 'Stalen trap 08', 4);
INSERT INTO project_images (id, project_id, url, alt, sort_order) VALUES (40, 8, '/images/realisaties/trappen/stalen-trap-08/g-6.webp', 'Stalen trap 08', 5);
INSERT INTO project_images (id, project_id, url, alt, sort_order) VALUES (41, 8, '/images/realisaties/trappen/stalen-trap-08/g-7.webp', 'Stalen trap 08', 6);
INSERT INTO projects (id, slug, title, category_id, location, year, description, cover_image, published, featured, sort_order, created_at, updated_at) VALUES (9, 'stalen-trap-09', 'Stalen trap 09', 1, NULL, NULL, 'Een op maat gemaakte stalen trap, ontworpen, geproduceerd en gemonteerd door Thimafer.', '/images/realisaties/trappen/stalen-trap-09/cover.webp', 1, 0, 8, 1717000000, 1717000000);
INSERT INTO project_images (id, project_id, url, alt, sort_order) VALUES (42, 9, '/images/realisaties/trappen/stalen-trap-09/g-1.webp', 'Stalen trap 09', 0);
INSERT INTO project_images (id, project_id, url, alt, sort_order) VALUES (43, 9, '/images/realisaties/trappen/stalen-trap-09/g-2.webp', 'Stalen trap 09', 1);
INSERT INTO project_images (id, project_id, url, alt, sort_order) VALUES (44, 9, '/images/realisaties/trappen/stalen-trap-09/g-3.webp', 'Stalen trap 09', 2);
INSERT INTO project_images (id, project_id, url, alt, sort_order) VALUES (45, 9, '/images/realisaties/trappen/stalen-trap-09/g-4.webp', 'Stalen trap 09', 3);
INSERT INTO project_images (id, project_id, url, alt, sort_order) VALUES (46, 9, '/images/realisaties/trappen/stalen-trap-09/g-5.webp', 'Stalen trap 09', 4);
INSERT INTO project_images (id, project_id, url, alt, sort_order) VALUES (47, 9, '/images/realisaties/trappen/stalen-trap-09/g-6.webp', 'Stalen trap 09', 5);
INSERT INTO projects (id, slug, title, category_id, location, year, description, cover_image, published, featured, sort_order, created_at, updated_at) VALUES (10, 'stalen-trap-10', 'Stalen trap 10', 1, NULL, NULL, 'Een op maat gemaakte stalen trap, ontworpen, geproduceerd en gemonteerd door Thimafer.', '/images/realisaties/trappen/stalen-trap-10/cover.webp', 1, 0, 9, 1717000000, 1717000000);
INSERT INTO project_images (id, project_id, url, alt, sort_order) VALUES (48, 10, '/images/realisaties/trappen/stalen-trap-10/g-1.webp', 'Stalen trap 10', 0);
INSERT INTO project_images (id, project_id, url, alt, sort_order) VALUES (49, 10, '/images/realisaties/trappen/stalen-trap-10/g-2.webp', 'Stalen trap 10', 1);
INSERT INTO project_images (id, project_id, url, alt, sort_order) VALUES (50, 10, '/images/realisaties/trappen/stalen-trap-10/g-3.webp', 'Stalen trap 10', 2);
INSERT INTO project_images (id, project_id, url, alt, sort_order) VALUES (51, 10, '/images/realisaties/trappen/stalen-trap-10/g-4.webp', 'Stalen trap 10', 3);
INSERT INTO project_images (id, project_id, url, alt, sort_order) VALUES (52, 10, '/images/realisaties/trappen/stalen-trap-10/g-5.webp', 'Stalen trap 10', 4);
INSERT INTO project_images (id, project_id, url, alt, sort_order) VALUES (53, 10, '/images/realisaties/trappen/stalen-trap-10/g-6.webp', 'Stalen trap 10', 5);
INSERT INTO project_images (id, project_id, url, alt, sort_order) VALUES (54, 10, '/images/realisaties/trappen/stalen-trap-10/g-7.webp', 'Stalen trap 10', 6);
INSERT INTO project_images (id, project_id, url, alt, sort_order) VALUES (55, 10, '/images/realisaties/trappen/stalen-trap-10/g-8.webp', 'Stalen trap 10', 7);
INSERT INTO projects (id, slug, title, category_id, location, year, description, cover_image, published, featured, sort_order, created_at, updated_at) VALUES (11, 'stalen-trap-11', 'Stalen trap 11', 1, NULL, NULL, 'Een op maat gemaakte stalen trap, ontworpen, geproduceerd en gemonteerd door Thimafer.', '/images/realisaties/trappen/stalen-trap-11/cover.webp', 1, 0, 10, 1717000000, 1717000000);
INSERT INTO project_images (id, project_id, url, alt, sort_order) VALUES (56, 11, '/images/realisaties/trappen/stalen-trap-11/g-1.webp', 'Stalen trap 11', 0);
INSERT INTO project_images (id, project_id, url, alt, sort_order) VALUES (57, 11, '/images/realisaties/trappen/stalen-trap-11/g-2.webp', 'Stalen trap 11', 1);
INSERT INTO project_images (id, project_id, url, alt, sort_order) VALUES (58, 11, '/images/realisaties/trappen/stalen-trap-11/g-3.webp', 'Stalen trap 11', 2);
INSERT INTO project_images (id, project_id, url, alt, sort_order) VALUES (59, 11, '/images/realisaties/trappen/stalen-trap-11/g-4.webp', 'Stalen trap 11', 3);
INSERT INTO project_images (id, project_id, url, alt, sort_order) VALUES (60, 11, '/images/realisaties/trappen/stalen-trap-11/g-5.webp', 'Stalen trap 11', 4);
INSERT INTO project_images (id, project_id, url, alt, sort_order) VALUES (61, 11, '/images/realisaties/trappen/stalen-trap-11/g-6.webp', 'Stalen trap 11', 5);
INSERT INTO project_images (id, project_id, url, alt, sort_order) VALUES (62, 11, '/images/realisaties/trappen/stalen-trap-11/g-7.webp', 'Stalen trap 11', 6);
INSERT INTO projects (id, slug, title, category_id, location, year, description, cover_image, published, featured, sort_order, created_at, updated_at) VALUES (12, 'stalen-trap-12', 'Stalen trap 12', 1, NULL, NULL, 'Een op maat gemaakte stalen trap, ontworpen, geproduceerd en gemonteerd door Thimafer.', '/images/realisaties/trappen/stalen-trap-12/cover.webp', 1, 0, 11, 1717000000, 1717000000);
INSERT INTO project_images (id, project_id, url, alt, sort_order) VALUES (63, 12, '/images/realisaties/trappen/stalen-trap-12/g-1.webp', 'Stalen trap 12', 0);
INSERT INTO project_images (id, project_id, url, alt, sort_order) VALUES (64, 12, '/images/realisaties/trappen/stalen-trap-12/g-2.webp', 'Stalen trap 12', 1);
INSERT INTO project_images (id, project_id, url, alt, sort_order) VALUES (65, 12, '/images/realisaties/trappen/stalen-trap-12/g-3.webp', 'Stalen trap 12', 2);
INSERT INTO project_images (id, project_id, url, alt, sort_order) VALUES (66, 12, '/images/realisaties/trappen/stalen-trap-12/g-4.webp', 'Stalen trap 12', 3);
INSERT INTO project_images (id, project_id, url, alt, sort_order) VALUES (67, 12, '/images/realisaties/trappen/stalen-trap-12/g-5.webp', 'Stalen trap 12', 4);
INSERT INTO projects (id, slug, title, category_id, location, year, description, cover_image, published, featured, sort_order, created_at, updated_at) VALUES (13, 'stalen-trap-13', 'Stalen trap 13', 1, NULL, NULL, 'Een op maat gemaakte stalen trap, ontworpen, geproduceerd en gemonteerd door Thimafer.', '/images/realisaties/trappen/stalen-trap-13/cover.webp', 1, 0, 12, 1717000000, 1717000000);
INSERT INTO project_images (id, project_id, url, alt, sort_order) VALUES (68, 13, '/images/realisaties/trappen/stalen-trap-13/g-1.webp', 'Stalen trap 13', 0);
INSERT INTO project_images (id, project_id, url, alt, sort_order) VALUES (69, 13, '/images/realisaties/trappen/stalen-trap-13/g-2.webp', 'Stalen trap 13', 1);
INSERT INTO project_images (id, project_id, url, alt, sort_order) VALUES (70, 13, '/images/realisaties/trappen/stalen-trap-13/g-3.webp', 'Stalen trap 13', 2);
INSERT INTO projects (id, slug, title, category_id, location, year, description, cover_image, published, featured, sort_order, created_at, updated_at) VALUES (14, 'stalen-trap-14', 'Stalen trap 14', 1, NULL, NULL, 'Een op maat gemaakte stalen trap, ontworpen, geproduceerd en gemonteerd door Thimafer.', '/images/realisaties/trappen/stalen-trap-14/cover.webp', 1, 0, 13, 1717000000, 1717000000);
INSERT INTO project_images (id, project_id, url, alt, sort_order) VALUES (71, 14, '/images/realisaties/trappen/stalen-trap-14/g-1.webp', 'Stalen trap 14', 0);
INSERT INTO project_images (id, project_id, url, alt, sort_order) VALUES (72, 14, '/images/realisaties/trappen/stalen-trap-14/g-2.webp', 'Stalen trap 14', 1);
INSERT INTO projects (id, slug, title, category_id, location, year, description, cover_image, published, featured, sort_order, created_at, updated_at) VALUES (15, 'stalen-trap-15', 'Stalen trap 15', 1, NULL, NULL, 'Een op maat gemaakte stalen trap, ontworpen, geproduceerd en gemonteerd door Thimafer.', '/images/realisaties/trappen/stalen-trap-15/cover.webp', 1, 0, 14, 1717000000, 1717000000);
INSERT INTO project_images (id, project_id, url, alt, sort_order) VALUES (73, 15, '/images/realisaties/trappen/stalen-trap-15/g-1.webp', 'Stalen trap 15', 0);
INSERT INTO project_images (id, project_id, url, alt, sort_order) VALUES (74, 15, '/images/realisaties/trappen/stalen-trap-15/g-2.webp', 'Stalen trap 15', 1);
INSERT INTO projects (id, slug, title, category_id, location, year, description, cover_image, published, featured, sort_order, created_at, updated_at) VALUES (16, 'stalen-trap-16', 'Stalen trap 16', 1, NULL, NULL, 'Een op maat gemaakte stalen trap, ontworpen, geproduceerd en gemonteerd door Thimafer.', '/images/realisaties/trappen/stalen-trap-16/cover.webp', 1, 0, 15, 1717000000, 1717000000);
INSERT INTO project_images (id, project_id, url, alt, sort_order) VALUES (75, 16, '/images/realisaties/trappen/stalen-trap-16/g-1.webp', 'Stalen trap 16', 0);
INSERT INTO project_images (id, project_id, url, alt, sort_order) VALUES (76, 16, '/images/realisaties/trappen/stalen-trap-16/g-2.webp', 'Stalen trap 16', 1);
INSERT INTO project_images (id, project_id, url, alt, sort_order) VALUES (77, 16, '/images/realisaties/trappen/stalen-trap-16/g-3.webp', 'Stalen trap 16', 2);
INSERT INTO project_images (id, project_id, url, alt, sort_order) VALUES (78, 16, '/images/realisaties/trappen/stalen-trap-16/g-4.webp', 'Stalen trap 16', 3);
INSERT INTO project_images (id, project_id, url, alt, sort_order) VALUES (79, 16, '/images/realisaties/trappen/stalen-trap-16/g-5.webp', 'Stalen trap 16', 4);
INSERT INTO project_images (id, project_id, url, alt, sort_order) VALUES (80, 16, '/images/realisaties/trappen/stalen-trap-16/g-6.webp', 'Stalen trap 16', 5);
INSERT INTO project_images (id, project_id, url, alt, sort_order) VALUES (81, 16, '/images/realisaties/trappen/stalen-trap-16/g-7.webp', 'Stalen trap 16', 6);
INSERT INTO project_images (id, project_id, url, alt, sort_order) VALUES (82, 16, '/images/realisaties/trappen/stalen-trap-16/g-8.webp', 'Stalen trap 16', 7);
INSERT INTO projects (id, slug, title, category_id, location, year, description, cover_image, published, featured, sort_order, created_at, updated_at) VALUES (17, 'stalen-leuning-01', 'Stalen leuning 01', 2, NULL, NULL, 'Een leuning of balustrade op maat, met oog voor veiligheid en detail.', '/images/realisaties/leuningen/stalen-leuning-01/cover.webp', 1, 1, 0, 1717000000, 1717000000);
INSERT INTO project_images (id, project_id, url, alt, sort_order) VALUES (83, 17, '/images/realisaties/leuningen/stalen-leuning-01/g-1.webp', 'Stalen leuning 01', 0);
INSERT INTO projects (id, slug, title, category_id, location, year, description, cover_image, published, featured, sort_order, created_at, updated_at) VALUES (18, 'stalen-leuning-02', 'Stalen leuning 02', 2, NULL, NULL, 'Een leuning of balustrade op maat, met oog voor veiligheid en detail.', '/images/realisaties/leuningen/stalen-leuning-02/cover.webp', 1, 0, 1, 1717000000, 1717000000);
INSERT INTO project_images (id, project_id, url, alt, sort_order) VALUES (84, 18, '/images/realisaties/leuningen/stalen-leuning-02/g-1.webp', 'Stalen leuning 02', 0);
INSERT INTO project_images (id, project_id, url, alt, sort_order) VALUES (85, 18, '/images/realisaties/leuningen/stalen-leuning-02/g-2.webp', 'Stalen leuning 02', 1);
INSERT INTO project_images (id, project_id, url, alt, sort_order) VALUES (86, 18, '/images/realisaties/leuningen/stalen-leuning-02/g-3.webp', 'Stalen leuning 02', 2);
INSERT INTO project_images (id, project_id, url, alt, sort_order) VALUES (87, 18, '/images/realisaties/leuningen/stalen-leuning-02/g-4.webp', 'Stalen leuning 02', 3);
INSERT INTO project_images (id, project_id, url, alt, sort_order) VALUES (88, 18, '/images/realisaties/leuningen/stalen-leuning-02/g-5.webp', 'Stalen leuning 02', 4);
INSERT INTO projects (id, slug, title, category_id, location, year, description, cover_image, published, featured, sort_order, created_at, updated_at) VALUES (19, 'stalen-leuning-03', 'Stalen leuning 03', 2, NULL, NULL, 'Een leuning of balustrade op maat, met oog voor veiligheid en detail.', '/images/realisaties/leuningen/stalen-leuning-03/cover.webp', 1, 0, 2, 1717000000, 1717000000);
INSERT INTO project_images (id, project_id, url, alt, sort_order) VALUES (89, 19, '/images/realisaties/leuningen/stalen-leuning-03/g-1.webp', 'Stalen leuning 03', 0);
INSERT INTO projects (id, slug, title, category_id, location, year, description, cover_image, published, featured, sort_order, created_at, updated_at) VALUES (20, 'stalen-leuning-04', 'Stalen leuning 04', 2, NULL, NULL, 'Een leuning of balustrade op maat, met oog voor veiligheid en detail.', '/images/realisaties/leuningen/stalen-leuning-04/cover.webp', 1, 0, 3, 1717000000, 1717000000);
INSERT INTO project_images (id, project_id, url, alt, sort_order) VALUES (90, 20, '/images/realisaties/leuningen/stalen-leuning-04/g-1.webp', 'Stalen leuning 04', 0);
INSERT INTO project_images (id, project_id, url, alt, sort_order) VALUES (91, 20, '/images/realisaties/leuningen/stalen-leuning-04/g-2.webp', 'Stalen leuning 04', 1);
INSERT INTO projects (id, slug, title, category_id, location, year, description, cover_image, published, featured, sort_order, created_at, updated_at) VALUES (21, 'stalen-leuning-05', 'Stalen leuning 05', 2, NULL, NULL, 'Een leuning of balustrade op maat, met oog voor veiligheid en detail.', '/images/realisaties/leuningen/stalen-leuning-05/cover.webp', 1, 0, 4, 1717000000, 1717000000);
INSERT INTO project_images (id, project_id, url, alt, sort_order) VALUES (92, 21, '/images/realisaties/leuningen/stalen-leuning-05/g-1.webp', 'Stalen leuning 05', 0);
INSERT INTO project_images (id, project_id, url, alt, sort_order) VALUES (93, 21, '/images/realisaties/leuningen/stalen-leuning-05/g-2.webp', 'Stalen leuning 05', 1);
INSERT INTO project_images (id, project_id, url, alt, sort_order) VALUES (94, 21, '/images/realisaties/leuningen/stalen-leuning-05/g-3.webp', 'Stalen leuning 05', 2);
INSERT INTO project_images (id, project_id, url, alt, sort_order) VALUES (95, 21, '/images/realisaties/leuningen/stalen-leuning-05/g-4.webp', 'Stalen leuning 05', 3);
INSERT INTO projects (id, slug, title, category_id, location, year, description, cover_image, published, featured, sort_order, created_at, updated_at) VALUES (22, 'stalen-leuning-06', 'Stalen leuning 06', 2, NULL, NULL, 'Een leuning of balustrade op maat, met oog voor veiligheid en detail.', '/images/realisaties/leuningen/stalen-leuning-06/cover.webp', 1, 0, 5, 1717000000, 1717000000);
INSERT INTO project_images (id, project_id, url, alt, sort_order) VALUES (96, 22, '/images/realisaties/leuningen/stalen-leuning-06/g-1.webp', 'Stalen leuning 06', 0);
INSERT INTO project_images (id, project_id, url, alt, sort_order) VALUES (97, 22, '/images/realisaties/leuningen/stalen-leuning-06/g-2.webp', 'Stalen leuning 06', 1);
INSERT INTO project_images (id, project_id, url, alt, sort_order) VALUES (98, 22, '/images/realisaties/leuningen/stalen-leuning-06/g-3.webp', 'Stalen leuning 06', 2);
INSERT INTO project_images (id, project_id, url, alt, sort_order) VALUES (99, 22, '/images/realisaties/leuningen/stalen-leuning-06/g-4.webp', 'Stalen leuning 06', 3);
INSERT INTO project_images (id, project_id, url, alt, sort_order) VALUES (100, 22, '/images/realisaties/leuningen/stalen-leuning-06/g-5.webp', 'Stalen leuning 06', 4);
INSERT INTO projects (id, slug, title, category_id, location, year, description, cover_image, published, featured, sort_order, created_at, updated_at) VALUES (23, 'stalen-leuning-07', 'Stalen leuning 07', 2, NULL, NULL, 'Een leuning of balustrade op maat, met oog voor veiligheid en detail.', '/images/realisaties/leuningen/stalen-leuning-07/cover.webp', 1, 0, 6, 1717000000, 1717000000);
INSERT INTO project_images (id, project_id, url, alt, sort_order) VALUES (101, 23, '/images/realisaties/leuningen/stalen-leuning-07/g-1.webp', 'Stalen leuning 07', 0);
INSERT INTO project_images (id, project_id, url, alt, sort_order) VALUES (102, 23, '/images/realisaties/leuningen/stalen-leuning-07/g-2.webp', 'Stalen leuning 07', 1);
INSERT INTO projects (id, slug, title, category_id, location, year, description, cover_image, published, featured, sort_order, created_at, updated_at) VALUES (24, 'stalen-leuning-08', 'Stalen leuning 08', 2, NULL, NULL, 'Een leuning of balustrade op maat, met oog voor veiligheid en detail.', '/images/realisaties/leuningen/stalen-leuning-08/cover.webp', 1, 0, 7, 1717000000, 1717000000);
INSERT INTO project_images (id, project_id, url, alt, sort_order) VALUES (103, 24, '/images/realisaties/leuningen/stalen-leuning-08/g-1.webp', 'Stalen leuning 08', 0);
INSERT INTO project_images (id, project_id, url, alt, sort_order) VALUES (104, 24, '/images/realisaties/leuningen/stalen-leuning-08/g-2.webp', 'Stalen leuning 08', 1);
INSERT INTO project_images (id, project_id, url, alt, sort_order) VALUES (105, 24, '/images/realisaties/leuningen/stalen-leuning-08/g-3.webp', 'Stalen leuning 08', 2);
INSERT INTO project_images (id, project_id, url, alt, sort_order) VALUES (106, 24, '/images/realisaties/leuningen/stalen-leuning-08/g-4.webp', 'Stalen leuning 08', 3);
INSERT INTO project_images (id, project_id, url, alt, sort_order) VALUES (107, 24, '/images/realisaties/leuningen/stalen-leuning-08/g-5.webp', 'Stalen leuning 08', 4);
INSERT INTO project_images (id, project_id, url, alt, sort_order) VALUES (108, 24, '/images/realisaties/leuningen/stalen-leuning-08/g-6.webp', 'Stalen leuning 08', 5);
INSERT INTO project_images (id, project_id, url, alt, sort_order) VALUES (109, 24, '/images/realisaties/leuningen/stalen-leuning-08/g-7.webp', 'Stalen leuning 08', 6);
INSERT INTO project_images (id, project_id, url, alt, sort_order) VALUES (110, 24, '/images/realisaties/leuningen/stalen-leuning-08/g-8.webp', 'Stalen leuning 08', 7);
INSERT INTO projects (id, slug, title, category_id, location, year, description, cover_image, published, featured, sort_order, created_at, updated_at) VALUES (25, 'stalen-leuning-09', 'Stalen leuning 09', 2, NULL, NULL, 'Een leuning of balustrade op maat, met oog voor veiligheid en detail.', '/images/realisaties/leuningen/stalen-leuning-09/cover.webp', 1, 0, 8, 1717000000, 1717000000);
INSERT INTO project_images (id, project_id, url, alt, sort_order) VALUES (111, 25, '/images/realisaties/leuningen/stalen-leuning-09/g-1.webp', 'Stalen leuning 09', 0);
INSERT INTO project_images (id, project_id, url, alt, sort_order) VALUES (112, 25, '/images/realisaties/leuningen/stalen-leuning-09/g-2.webp', 'Stalen leuning 09', 1);
INSERT INTO project_images (id, project_id, url, alt, sort_order) VALUES (113, 25, '/images/realisaties/leuningen/stalen-leuning-09/g-3.webp', 'Stalen leuning 09', 2);
INSERT INTO projects (id, slug, title, category_id, location, year, description, cover_image, published, featured, sort_order, created_at, updated_at) VALUES (26, 'stalen-leuning-10', 'Stalen leuning 10', 2, NULL, NULL, 'Een leuning of balustrade op maat, met oog voor veiligheid en detail.', '/images/realisaties/leuningen/stalen-leuning-10/cover.webp', 1, 0, 9, 1717000000, 1717000000);
INSERT INTO project_images (id, project_id, url, alt, sort_order) VALUES (114, 26, '/images/realisaties/leuningen/stalen-leuning-10/g-1.webp', 'Stalen leuning 10', 0);
INSERT INTO project_images (id, project_id, url, alt, sort_order) VALUES (115, 26, '/images/realisaties/leuningen/stalen-leuning-10/g-2.webp', 'Stalen leuning 10', 1);
INSERT INTO project_images (id, project_id, url, alt, sort_order) VALUES (116, 26, '/images/realisaties/leuningen/stalen-leuning-10/g-3.webp', 'Stalen leuning 10', 2);
INSERT INTO project_images (id, project_id, url, alt, sort_order) VALUES (117, 26, '/images/realisaties/leuningen/stalen-leuning-10/g-4.webp', 'Stalen leuning 10', 3);
INSERT INTO project_images (id, project_id, url, alt, sort_order) VALUES (118, 26, '/images/realisaties/leuningen/stalen-leuning-10/g-5.webp', 'Stalen leuning 10', 4);
INSERT INTO project_images (id, project_id, url, alt, sort_order) VALUES (119, 26, '/images/realisaties/leuningen/stalen-leuning-10/g-6.webp', 'Stalen leuning 10', 5);
INSERT INTO project_images (id, project_id, url, alt, sort_order) VALUES (120, 26, '/images/realisaties/leuningen/stalen-leuning-10/g-7.webp', 'Stalen leuning 10', 6);
INSERT INTO projects (id, slug, title, category_id, location, year, description, cover_image, published, featured, sort_order, created_at, updated_at) VALUES (27, 'stalen-leuning-11', 'Stalen leuning 11', 2, NULL, NULL, 'Een leuning of balustrade op maat, met oog voor veiligheid en detail.', '/images/realisaties/leuningen/stalen-leuning-11/cover.webp', 1, 0, 10, 1717000000, 1717000000);
INSERT INTO project_images (id, project_id, url, alt, sort_order) VALUES (121, 27, '/images/realisaties/leuningen/stalen-leuning-11/g-1.webp', 'Stalen leuning 11', 0);
INSERT INTO project_images (id, project_id, url, alt, sort_order) VALUES (122, 27, '/images/realisaties/leuningen/stalen-leuning-11/g-2.webp', 'Stalen leuning 11', 1);
INSERT INTO project_images (id, project_id, url, alt, sort_order) VALUES (123, 27, '/images/realisaties/leuningen/stalen-leuning-11/g-3.webp', 'Stalen leuning 11', 2);
INSERT INTO project_images (id, project_id, url, alt, sort_order) VALUES (124, 27, '/images/realisaties/leuningen/stalen-leuning-11/g-4.webp', 'Stalen leuning 11', 3);
INSERT INTO project_images (id, project_id, url, alt, sort_order) VALUES (125, 27, '/images/realisaties/leuningen/stalen-leuning-11/g-5.webp', 'Stalen leuning 11', 4);
INSERT INTO project_images (id, project_id, url, alt, sort_order) VALUES (126, 27, '/images/realisaties/leuningen/stalen-leuning-11/g-6.webp', 'Stalen leuning 11', 5);
INSERT INTO project_images (id, project_id, url, alt, sort_order) VALUES (127, 27, '/images/realisaties/leuningen/stalen-leuning-11/g-7.webp', 'Stalen leuning 11', 6);
INSERT INTO project_images (id, project_id, url, alt, sort_order) VALUES (128, 27, '/images/realisaties/leuningen/stalen-leuning-11/g-8.webp', 'Stalen leuning 11', 7);
INSERT INTO projects (id, slug, title, category_id, location, year, description, cover_image, published, featured, sort_order, created_at, updated_at) VALUES (28, 'stalen-leuning-12', 'Stalen leuning 12', 2, NULL, NULL, 'Een leuning of balustrade op maat, met oog voor veiligheid en detail.', '/images/realisaties/leuningen/stalen-leuning-12/cover.webp', 1, 0, 11, 1717000000, 1717000000);
INSERT INTO project_images (id, project_id, url, alt, sort_order) VALUES (129, 28, '/images/realisaties/leuningen/stalen-leuning-12/g-1.webp', 'Stalen leuning 12', 0);
INSERT INTO project_images (id, project_id, url, alt, sort_order) VALUES (130, 28, '/images/realisaties/leuningen/stalen-leuning-12/g-2.webp', 'Stalen leuning 12', 1);
INSERT INTO project_images (id, project_id, url, alt, sort_order) VALUES (131, 28, '/images/realisaties/leuningen/stalen-leuning-12/g-3.webp', 'Stalen leuning 12', 2);
INSERT INTO project_images (id, project_id, url, alt, sort_order) VALUES (132, 28, '/images/realisaties/leuningen/stalen-leuning-12/g-4.webp', 'Stalen leuning 12', 3);
INSERT INTO project_images (id, project_id, url, alt, sort_order) VALUES (133, 28, '/images/realisaties/leuningen/stalen-leuning-12/g-5.webp', 'Stalen leuning 12', 4);
INSERT INTO project_images (id, project_id, url, alt, sort_order) VALUES (134, 28, '/images/realisaties/leuningen/stalen-leuning-12/g-6.webp', 'Stalen leuning 12', 5);
INSERT INTO project_images (id, project_id, url, alt, sort_order) VALUES (135, 28, '/images/realisaties/leuningen/stalen-leuning-12/g-7.webp', 'Stalen leuning 12', 6);
INSERT INTO project_images (id, project_id, url, alt, sort_order) VALUES (136, 28, '/images/realisaties/leuningen/stalen-leuning-12/g-8.webp', 'Stalen leuning 12', 7);
INSERT INTO projects (id, slug, title, category_id, location, year, description, cover_image, published, featured, sort_order, created_at, updated_at) VALUES (29, 'stalen-leuning-13', 'Stalen leuning 13', 2, NULL, NULL, 'Een leuning of balustrade op maat, met oog voor veiligheid en detail.', '/images/realisaties/leuningen/stalen-leuning-13/cover.webp', 1, 0, 12, 1717000000, 1717000000);
INSERT INTO project_images (id, project_id, url, alt, sort_order) VALUES (137, 29, '/images/realisaties/leuningen/stalen-leuning-13/g-1.webp', 'Stalen leuning 13', 0);
INSERT INTO project_images (id, project_id, url, alt, sort_order) VALUES (138, 29, '/images/realisaties/leuningen/stalen-leuning-13/g-2.webp', 'Stalen leuning 13', 1);
INSERT INTO project_images (id, project_id, url, alt, sort_order) VALUES (139, 29, '/images/realisaties/leuningen/stalen-leuning-13/g-3.webp', 'Stalen leuning 13', 2);
INSERT INTO project_images (id, project_id, url, alt, sort_order) VALUES (140, 29, '/images/realisaties/leuningen/stalen-leuning-13/g-4.webp', 'Stalen leuning 13', 3);
INSERT INTO project_images (id, project_id, url, alt, sort_order) VALUES (141, 29, '/images/realisaties/leuningen/stalen-leuning-13/g-5.webp', 'Stalen leuning 13', 4);
INSERT INTO projects (id, slug, title, category_id, location, year, description, cover_image, published, featured, sort_order, created_at, updated_at) VALUES (30, 'stalen-leuning-14', 'Stalen leuning 14', 2, NULL, NULL, 'Een leuning of balustrade op maat, met oog voor veiligheid en detail.', '/images/realisaties/leuningen/stalen-leuning-14/cover.webp', 1, 0, 13, 1717000000, 1717000000);
INSERT INTO project_images (id, project_id, url, alt, sort_order) VALUES (142, 30, '/images/realisaties/leuningen/stalen-leuning-14/g-1.webp', 'Stalen leuning 14', 0);
INSERT INTO project_images (id, project_id, url, alt, sort_order) VALUES (143, 30, '/images/realisaties/leuningen/stalen-leuning-14/g-2.webp', 'Stalen leuning 14', 1);
INSERT INTO project_images (id, project_id, url, alt, sort_order) VALUES (144, 30, '/images/realisaties/leuningen/stalen-leuning-14/g-3.webp', 'Stalen leuning 14', 2);
INSERT INTO project_images (id, project_id, url, alt, sort_order) VALUES (145, 30, '/images/realisaties/leuningen/stalen-leuning-14/g-4.webp', 'Stalen leuning 14', 3);
INSERT INTO project_images (id, project_id, url, alt, sort_order) VALUES (146, 30, '/images/realisaties/leuningen/stalen-leuning-14/g-5.webp', 'Stalen leuning 14', 4);
INSERT INTO projects (id, slug, title, category_id, location, year, description, cover_image, published, featured, sort_order, created_at, updated_at) VALUES (31, 'stalen-leuning-15', 'Stalen leuning 15', 2, NULL, NULL, 'Een leuning of balustrade op maat, met oog voor veiligheid en detail.', '/images/realisaties/leuningen/stalen-leuning-15/cover.webp', 1, 0, 14, 1717000000, 1717000000);
INSERT INTO project_images (id, project_id, url, alt, sort_order) VALUES (147, 31, '/images/realisaties/leuningen/stalen-leuning-15/g-1.webp', 'Stalen leuning 15', 0);
INSERT INTO project_images (id, project_id, url, alt, sort_order) VALUES (148, 31, '/images/realisaties/leuningen/stalen-leuning-15/g-2.webp', 'Stalen leuning 15', 1);
INSERT INTO project_images (id, project_id, url, alt, sort_order) VALUES (149, 31, '/images/realisaties/leuningen/stalen-leuning-15/g-3.webp', 'Stalen leuning 15', 2);
INSERT INTO project_images (id, project_id, url, alt, sort_order) VALUES (150, 31, '/images/realisaties/leuningen/stalen-leuning-15/g-4.webp', 'Stalen leuning 15', 3);
INSERT INTO project_images (id, project_id, url, alt, sort_order) VALUES (151, 31, '/images/realisaties/leuningen/stalen-leuning-15/g-5.webp', 'Stalen leuning 15', 4);
INSERT INTO projects (id, slug, title, category_id, location, year, description, cover_image, published, featured, sort_order, created_at, updated_at) VALUES (32, 'stalen-leuning-16', 'Stalen leuning 16', 2, NULL, NULL, 'Een leuning of balustrade op maat, met oog voor veiligheid en detail.', '/images/realisaties/leuningen/stalen-leuning-16/cover.webp', 1, 0, 15, 1717000000, 1717000000);
INSERT INTO project_images (id, project_id, url, alt, sort_order) VALUES (152, 32, '/images/realisaties/leuningen/stalen-leuning-16/g-1.webp', 'Stalen leuning 16', 0);
INSERT INTO project_images (id, project_id, url, alt, sort_order) VALUES (153, 32, '/images/realisaties/leuningen/stalen-leuning-16/g-2.webp', 'Stalen leuning 16', 1);
INSERT INTO projects (id, slug, title, category_id, location, year, description, cover_image, published, featured, sort_order, created_at, updated_at) VALUES (33, 'stalen-leuning-17', 'Stalen leuning 17', 2, NULL, NULL, 'Een leuning of balustrade op maat, met oog voor veiligheid en detail.', '/images/realisaties/leuningen/stalen-leuning-17/cover.webp', 1, 0, 16, 1717000000, 1717000000);
INSERT INTO project_images (id, project_id, url, alt, sort_order) VALUES (154, 33, '/images/realisaties/leuningen/stalen-leuning-17/g-1.webp', 'Stalen leuning 17', 0);
INSERT INTO project_images (id, project_id, url, alt, sort_order) VALUES (155, 33, '/images/realisaties/leuningen/stalen-leuning-17/g-2.webp', 'Stalen leuning 17', 1);
INSERT INTO project_images (id, project_id, url, alt, sort_order) VALUES (156, 33, '/images/realisaties/leuningen/stalen-leuning-17/g-3.webp', 'Stalen leuning 17', 2);
INSERT INTO project_images (id, project_id, url, alt, sort_order) VALUES (157, 33, '/images/realisaties/leuningen/stalen-leuning-17/g-4.webp', 'Stalen leuning 17', 3);
INSERT INTO project_images (id, project_id, url, alt, sort_order) VALUES (158, 33, '/images/realisaties/leuningen/stalen-leuning-17/g-5.webp', 'Stalen leuning 17', 4);
INSERT INTO project_images (id, project_id, url, alt, sort_order) VALUES (159, 33, '/images/realisaties/leuningen/stalen-leuning-17/g-6.webp', 'Stalen leuning 17', 5);
INSERT INTO project_images (id, project_id, url, alt, sort_order) VALUES (160, 33, '/images/realisaties/leuningen/stalen-leuning-17/g-7.webp', 'Stalen leuning 17', 6);
INSERT INTO projects (id, slug, title, category_id, location, year, description, cover_image, published, featured, sort_order, created_at, updated_at) VALUES (34, 'stalen-leuning-18', 'Stalen leuning 18', 2, NULL, NULL, 'Een leuning of balustrade op maat, met oog voor veiligheid en detail.', '/images/realisaties/leuningen/stalen-leuning-18/cover.webp', 1, 0, 17, 1717000000, 1717000000);
INSERT INTO project_images (id, project_id, url, alt, sort_order) VALUES (161, 34, '/images/realisaties/leuningen/stalen-leuning-18/g-1.webp', 'Stalen leuning 18', 0);
INSERT INTO project_images (id, project_id, url, alt, sort_order) VALUES (162, 34, '/images/realisaties/leuningen/stalen-leuning-18/g-2.webp', 'Stalen leuning 18', 1);
INSERT INTO project_images (id, project_id, url, alt, sort_order) VALUES (163, 34, '/images/realisaties/leuningen/stalen-leuning-18/g-3.webp', 'Stalen leuning 18', 2);
INSERT INTO project_images (id, project_id, url, alt, sort_order) VALUES (164, 34, '/images/realisaties/leuningen/stalen-leuning-18/g-4.webp', 'Stalen leuning 18', 3);
INSERT INTO project_images (id, project_id, url, alt, sort_order) VALUES (165, 34, '/images/realisaties/leuningen/stalen-leuning-18/g-5.webp', 'Stalen leuning 18', 4);
INSERT INTO project_images (id, project_id, url, alt, sort_order) VALUES (166, 34, '/images/realisaties/leuningen/stalen-leuning-18/g-6.webp', 'Stalen leuning 18', 5);
INSERT INTO project_images (id, project_id, url, alt, sort_order) VALUES (167, 34, '/images/realisaties/leuningen/stalen-leuning-18/g-7.webp', 'Stalen leuning 18', 6);
INSERT INTO project_images (id, project_id, url, alt, sort_order) VALUES (168, 34, '/images/realisaties/leuningen/stalen-leuning-18/g-8.webp', 'Stalen leuning 18', 7);
INSERT INTO projects (id, slug, title, category_id, location, year, description, cover_image, published, featured, sort_order, created_at, updated_at) VALUES (35, 'stalen-leuning-19', 'Stalen leuning 19', 2, NULL, NULL, 'Een leuning of balustrade op maat, met oog voor veiligheid en detail.', '/images/realisaties/leuningen/stalen-leuning-19/cover.webp', 1, 0, 18, 1717000000, 1717000000);
INSERT INTO project_images (id, project_id, url, alt, sort_order) VALUES (169, 35, '/images/realisaties/leuningen/stalen-leuning-19/g-1.webp', 'Stalen leuning 19', 0);
INSERT INTO project_images (id, project_id, url, alt, sort_order) VALUES (170, 35, '/images/realisaties/leuningen/stalen-leuning-19/g-2.webp', 'Stalen leuning 19', 1);
INSERT INTO project_images (id, project_id, url, alt, sort_order) VALUES (171, 35, '/images/realisaties/leuningen/stalen-leuning-19/g-3.webp', 'Stalen leuning 19', 2);
INSERT INTO project_images (id, project_id, url, alt, sort_order) VALUES (172, 35, '/images/realisaties/leuningen/stalen-leuning-19/g-4.webp', 'Stalen leuning 19', 3);
INSERT INTO project_images (id, project_id, url, alt, sort_order) VALUES (173, 35, '/images/realisaties/leuningen/stalen-leuning-19/g-5.webp', 'Stalen leuning 19', 4);
INSERT INTO project_images (id, project_id, url, alt, sort_order) VALUES (174, 35, '/images/realisaties/leuningen/stalen-leuning-19/g-6.webp', 'Stalen leuning 19', 5);
INSERT INTO project_images (id, project_id, url, alt, sort_order) VALUES (175, 35, '/images/realisaties/leuningen/stalen-leuning-19/g-7.webp', 'Stalen leuning 19', 6);
INSERT INTO projects (id, slug, title, category_id, location, year, description, cover_image, published, featured, sort_order, created_at, updated_at) VALUES (36, 'stalen-poort-01', 'Stalen poort 01', 3, NULL, NULL, 'Een stalen poort op maat, stevig en strak afgewerkt.', '/images/realisaties/poorten/stalen-poort-01/cover.webp', 1, 1, 0, 1717000000, 1717000000);
INSERT INTO project_images (id, project_id, url, alt, sort_order) VALUES (176, 36, '/images/realisaties/poorten/stalen-poort-01/g-1.webp', 'Stalen poort 01', 0);
INSERT INTO project_images (id, project_id, url, alt, sort_order) VALUES (177, 36, '/images/realisaties/poorten/stalen-poort-01/g-2.webp', 'Stalen poort 01', 1);
INSERT INTO projects (id, slug, title, category_id, location, year, description, cover_image, published, featured, sort_order, created_at, updated_at) VALUES (37, 'stalen-poort-02', 'Stalen poort 02', 3, NULL, NULL, 'Een stalen poort op maat, stevig en strak afgewerkt.', '/images/realisaties/poorten/stalen-poort-02/cover.webp', 1, 0, 1, 1717000000, 1717000000);
INSERT INTO project_images (id, project_id, url, alt, sort_order) VALUES (178, 37, '/images/realisaties/poorten/stalen-poort-02/g-1.webp', 'Stalen poort 02', 0);
INSERT INTO project_images (id, project_id, url, alt, sort_order) VALUES (179, 37, '/images/realisaties/poorten/stalen-poort-02/g-2.webp', 'Stalen poort 02', 1);
INSERT INTO project_images (id, project_id, url, alt, sort_order) VALUES (180, 37, '/images/realisaties/poorten/stalen-poort-02/g-3.webp', 'Stalen poort 02', 2);
INSERT INTO project_images (id, project_id, url, alt, sort_order) VALUES (181, 37, '/images/realisaties/poorten/stalen-poort-02/g-4.webp', 'Stalen poort 02', 3);
INSERT INTO projects (id, slug, title, category_id, location, year, description, cover_image, published, featured, sort_order, created_at, updated_at) VALUES (38, 'stalen-poort-03', 'Stalen poort 03', 3, NULL, NULL, 'Een stalen poort op maat, stevig en strak afgewerkt.', '/images/realisaties/poorten/stalen-poort-03/cover.webp', 1, 0, 2, 1717000000, 1717000000);
INSERT INTO project_images (id, project_id, url, alt, sort_order) VALUES (182, 38, '/images/realisaties/poorten/stalen-poort-03/g-1.webp', 'Stalen poort 03', 0);
INSERT INTO project_images (id, project_id, url, alt, sort_order) VALUES (183, 38, '/images/realisaties/poorten/stalen-poort-03/g-2.webp', 'Stalen poort 03', 1);
INSERT INTO project_images (id, project_id, url, alt, sort_order) VALUES (184, 38, '/images/realisaties/poorten/stalen-poort-03/g-3.webp', 'Stalen poort 03', 2);
INSERT INTO project_images (id, project_id, url, alt, sort_order) VALUES (185, 38, '/images/realisaties/poorten/stalen-poort-03/g-4.webp', 'Stalen poort 03', 3);
INSERT INTO project_images (id, project_id, url, alt, sort_order) VALUES (186, 38, '/images/realisaties/poorten/stalen-poort-03/g-5.webp', 'Stalen poort 03', 4);
INSERT INTO project_images (id, project_id, url, alt, sort_order) VALUES (187, 38, '/images/realisaties/poorten/stalen-poort-03/g-6.webp', 'Stalen poort 03', 5);
INSERT INTO projects (id, slug, title, category_id, location, year, description, cover_image, published, featured, sort_order, created_at, updated_at) VALUES (39, 'fietsenstalling-01', 'Fietsenstalling 01', 4, NULL, NULL, 'Een duurzame fietsenstalling, ontworpen en gemonteerd in staal.', '/images/realisaties/fietsenstallingen/fietsenstalling-01/cover.webp', 1, 1, 0, 1717000000, 1717000000);
INSERT INTO project_images (id, project_id, url, alt, sort_order) VALUES (188, 39, '/images/realisaties/fietsenstallingen/fietsenstalling-01/g-1.webp', 'Fietsenstalling 01', 0);
INSERT INTO project_images (id, project_id, url, alt, sort_order) VALUES (189, 39, '/images/realisaties/fietsenstallingen/fietsenstalling-01/g-2.webp', 'Fietsenstalling 01', 1);
INSERT INTO project_images (id, project_id, url, alt, sort_order) VALUES (190, 39, '/images/realisaties/fietsenstallingen/fietsenstalling-01/g-3.webp', 'Fietsenstalling 01', 2);
INSERT INTO project_images (id, project_id, url, alt, sort_order) VALUES (191, 39, '/images/realisaties/fietsenstallingen/fietsenstalling-01/g-4.webp', 'Fietsenstalling 01', 3);
INSERT INTO project_images (id, project_id, url, alt, sort_order) VALUES (192, 39, '/images/realisaties/fietsenstallingen/fietsenstalling-01/g-5.webp', 'Fietsenstalling 01', 4);
INSERT INTO project_images (id, project_id, url, alt, sort_order) VALUES (193, 39, '/images/realisaties/fietsenstallingen/fietsenstalling-01/g-6.webp', 'Fietsenstalling 01', 5);
INSERT INTO project_images (id, project_id, url, alt, sort_order) VALUES (194, 39, '/images/realisaties/fietsenstallingen/fietsenstalling-01/g-7.webp', 'Fietsenstalling 01', 6);
INSERT INTO project_images (id, project_id, url, alt, sort_order) VALUES (195, 39, '/images/realisaties/fietsenstallingen/fietsenstalling-01/g-8.webp', 'Fietsenstalling 01', 7);
INSERT INTO projects (id, slug, title, category_id, location, year, description, cover_image, published, featured, sort_order, created_at, updated_at) VALUES (40, 'staalconstructie-01', 'Staalconstructie 01', 5, NULL, NULL, 'Een staalconstructie op maat — berekend, gelast en gemonteerd door Thimafer.', '/images/realisaties/staalconstructies/staalconstructie-01/cover.webp', 1, 1, 0, 1717000000, 1717000000);
INSERT INTO project_images (id, project_id, url, alt, sort_order) VALUES (196, 40, '/images/realisaties/staalconstructies/staalconstructie-01/g-1.webp', 'Staalconstructie 01', 0);
INSERT INTO project_images (id, project_id, url, alt, sort_order) VALUES (197, 40, '/images/realisaties/staalconstructies/staalconstructie-01/g-2.webp', 'Staalconstructie 01', 1);
INSERT INTO project_images (id, project_id, url, alt, sort_order) VALUES (198, 40, '/images/realisaties/staalconstructies/staalconstructie-01/g-3.webp', 'Staalconstructie 01', 2);
INSERT INTO project_images (id, project_id, url, alt, sort_order) VALUES (199, 40, '/images/realisaties/staalconstructies/staalconstructie-01/g-4.webp', 'Staalconstructie 01', 3);
INSERT INTO project_images (id, project_id, url, alt, sort_order) VALUES (200, 40, '/images/realisaties/staalconstructies/staalconstructie-01/g-5.webp', 'Staalconstructie 01', 4);
INSERT INTO project_images (id, project_id, url, alt, sort_order) VALUES (201, 40, '/images/realisaties/staalconstructies/staalconstructie-01/g-6.webp', 'Staalconstructie 01', 5);
INSERT INTO projects (id, slug, title, category_id, location, year, description, cover_image, published, featured, sort_order, created_at, updated_at) VALUES (41, 'staalconstructie-02', 'Staalconstructie 02', 5, NULL, NULL, 'Een staalconstructie op maat — berekend, gelast en gemonteerd door Thimafer.', '/images/realisaties/staalconstructies/staalconstructie-02/cover.webp', 1, 0, 1, 1717000000, 1717000000);
INSERT INTO project_images (id, project_id, url, alt, sort_order) VALUES (202, 41, '/images/realisaties/staalconstructies/staalconstructie-02/g-1.webp', 'Staalconstructie 02', 0);
INSERT INTO project_images (id, project_id, url, alt, sort_order) VALUES (203, 41, '/images/realisaties/staalconstructies/staalconstructie-02/g-2.webp', 'Staalconstructie 02', 1);
INSERT INTO project_images (id, project_id, url, alt, sort_order) VALUES (204, 41, '/images/realisaties/staalconstructies/staalconstructie-02/g-3.webp', 'Staalconstructie 02', 2);
INSERT INTO project_images (id, project_id, url, alt, sort_order) VALUES (205, 41, '/images/realisaties/staalconstructies/staalconstructie-02/g-4.webp', 'Staalconstructie 02', 3);
INSERT INTO project_images (id, project_id, url, alt, sort_order) VALUES (206, 41, '/images/realisaties/staalconstructies/staalconstructie-02/g-5.webp', 'Staalconstructie 02', 4);
INSERT INTO project_images (id, project_id, url, alt, sort_order) VALUES (207, 41, '/images/realisaties/staalconstructies/staalconstructie-02/g-6.webp', 'Staalconstructie 02', 5);
INSERT INTO projects (id, slug, title, category_id, location, year, description, cover_image, published, featured, sort_order, created_at, updated_at) VALUES (42, 'staalconstructie-03', 'Staalconstructie 03', 5, NULL, NULL, 'Een staalconstructie op maat — berekend, gelast en gemonteerd door Thimafer.', '/images/realisaties/staalconstructies/staalconstructie-03/cover.webp', 1, 0, 2, 1717000000, 1717000000);
INSERT INTO project_images (id, project_id, url, alt, sort_order) VALUES (208, 42, '/images/realisaties/staalconstructies/staalconstructie-03/g-1.webp', 'Staalconstructie 03', 0);
INSERT INTO project_images (id, project_id, url, alt, sort_order) VALUES (209, 42, '/images/realisaties/staalconstructies/staalconstructie-03/g-2.webp', 'Staalconstructie 03', 1);
INSERT INTO project_images (id, project_id, url, alt, sort_order) VALUES (210, 42, '/images/realisaties/staalconstructies/staalconstructie-03/g-3.webp', 'Staalconstructie 03', 2);
INSERT INTO projects (id, slug, title, category_id, location, year, description, cover_image, published, featured, sort_order, created_at, updated_at) VALUES (43, 'staalconstructie-04', 'Staalconstructie 04', 5, NULL, NULL, 'Een staalconstructie op maat — berekend, gelast en gemonteerd door Thimafer.', '/images/realisaties/staalconstructies/staalconstructie-04/cover.webp', 1, 0, 3, 1717000000, 1717000000);
INSERT INTO project_images (id, project_id, url, alt, sort_order) VALUES (211, 43, '/images/realisaties/staalconstructies/staalconstructie-04/g-1.webp', 'Staalconstructie 04', 0);
INSERT INTO project_images (id, project_id, url, alt, sort_order) VALUES (212, 43, '/images/realisaties/staalconstructies/staalconstructie-04/g-2.webp', 'Staalconstructie 04', 1);
INSERT INTO project_images (id, project_id, url, alt, sort_order) VALUES (213, 43, '/images/realisaties/staalconstructies/staalconstructie-04/g-3.webp', 'Staalconstructie 04', 2);
INSERT INTO project_images (id, project_id, url, alt, sort_order) VALUES (214, 43, '/images/realisaties/staalconstructies/staalconstructie-04/g-4.webp', 'Staalconstructie 04', 3);
INSERT INTO project_images (id, project_id, url, alt, sort_order) VALUES (215, 43, '/images/realisaties/staalconstructies/staalconstructie-04/g-5.webp', 'Staalconstructie 04', 4);
INSERT INTO project_images (id, project_id, url, alt, sort_order) VALUES (216, 43, '/images/realisaties/staalconstructies/staalconstructie-04/g-6.webp', 'Staalconstructie 04', 5);
INSERT INTO project_images (id, project_id, url, alt, sort_order) VALUES (217, 43, '/images/realisaties/staalconstructies/staalconstructie-04/g-7.webp', 'Staalconstructie 04', 6);
INSERT INTO project_images (id, project_id, url, alt, sort_order) VALUES (218, 43, '/images/realisaties/staalconstructies/staalconstructie-04/g-8.webp', 'Staalconstructie 04', 7);
INSERT INTO projects (id, slug, title, category_id, location, year, description, cover_image, published, featured, sort_order, created_at, updated_at) VALUES (44, 'staalconstructie-05', 'Staalconstructie 05', 5, NULL, NULL, 'Een staalconstructie op maat — berekend, gelast en gemonteerd door Thimafer.', '/images/realisaties/staalconstructies/staalconstructie-05/cover.webp', 1, 0, 4, 1717000000, 1717000000);
INSERT INTO project_images (id, project_id, url, alt, sort_order) VALUES (219, 44, '/images/realisaties/staalconstructies/staalconstructie-05/g-1.webp', 'Staalconstructie 05', 0);
INSERT INTO project_images (id, project_id, url, alt, sort_order) VALUES (220, 44, '/images/realisaties/staalconstructies/staalconstructie-05/g-2.webp', 'Staalconstructie 05', 1);
INSERT INTO project_images (id, project_id, url, alt, sort_order) VALUES (221, 44, '/images/realisaties/staalconstructies/staalconstructie-05/g-3.webp', 'Staalconstructie 05', 2);
INSERT INTO project_images (id, project_id, url, alt, sort_order) VALUES (222, 44, '/images/realisaties/staalconstructies/staalconstructie-05/g-4.webp', 'Staalconstructie 05', 3);
INSERT INTO project_images (id, project_id, url, alt, sort_order) VALUES (223, 44, '/images/realisaties/staalconstructies/staalconstructie-05/g-5.webp', 'Staalconstructie 05', 4);
INSERT INTO project_images (id, project_id, url, alt, sort_order) VALUES (224, 44, '/images/realisaties/staalconstructies/staalconstructie-05/g-6.webp', 'Staalconstructie 05', 5);
INSERT INTO project_images (id, project_id, url, alt, sort_order) VALUES (225, 44, '/images/realisaties/staalconstructies/staalconstructie-05/g-7.webp', 'Staalconstructie 05', 6);
INSERT INTO project_images (id, project_id, url, alt, sort_order) VALUES (226, 44, '/images/realisaties/staalconstructies/staalconstructie-05/g-8.webp', 'Staalconstructie 05', 7);
INSERT INTO projects (id, slug, title, category_id, location, year, description, cover_image, published, featured, sort_order, created_at, updated_at) VALUES (45, 'staalconstructie-06', 'Staalconstructie 06', 5, NULL, NULL, 'Een staalconstructie op maat — berekend, gelast en gemonteerd door Thimafer.', '/images/realisaties/staalconstructies/staalconstructie-06/cover.webp', 1, 0, 5, 1717000000, 1717000000);
INSERT INTO project_images (id, project_id, url, alt, sort_order) VALUES (227, 45, '/images/realisaties/staalconstructies/staalconstructie-06/g-1.webp', 'Staalconstructie 06', 0);
INSERT INTO project_images (id, project_id, url, alt, sort_order) VALUES (228, 45, '/images/realisaties/staalconstructies/staalconstructie-06/g-2.webp', 'Staalconstructie 06', 1);
INSERT INTO project_images (id, project_id, url, alt, sort_order) VALUES (229, 45, '/images/realisaties/staalconstructies/staalconstructie-06/g-3.webp', 'Staalconstructie 06', 2);
INSERT INTO project_images (id, project_id, url, alt, sort_order) VALUES (230, 45, '/images/realisaties/staalconstructies/staalconstructie-06/g-4.webp', 'Staalconstructie 06', 3);
INSERT INTO project_images (id, project_id, url, alt, sort_order) VALUES (231, 45, '/images/realisaties/staalconstructies/staalconstructie-06/g-5.webp', 'Staalconstructie 06', 4);
INSERT INTO project_images (id, project_id, url, alt, sort_order) VALUES (232, 45, '/images/realisaties/staalconstructies/staalconstructie-06/g-6.webp', 'Staalconstructie 06', 5);
INSERT INTO project_images (id, project_id, url, alt, sort_order) VALUES (233, 45, '/images/realisaties/staalconstructies/staalconstructie-06/g-7.webp', 'Staalconstructie 06', 6);
INSERT INTO project_images (id, project_id, url, alt, sort_order) VALUES (234, 45, '/images/realisaties/staalconstructies/staalconstructie-06/g-8.webp', 'Staalconstructie 06', 7);
INSERT INTO projects (id, slug, title, category_id, location, year, description, cover_image, published, featured, sort_order, created_at, updated_at) VALUES (46, 'staalconstructie-07', 'Staalconstructie 07', 5, NULL, NULL, 'Een staalconstructie op maat — berekend, gelast en gemonteerd door Thimafer.', '/images/realisaties/staalconstructies/staalconstructie-07/cover.webp', 1, 0, 6, 1717000000, 1717000000);
INSERT INTO project_images (id, project_id, url, alt, sort_order) VALUES (235, 46, '/images/realisaties/staalconstructies/staalconstructie-07/g-1.webp', 'Staalconstructie 07', 0);
INSERT INTO project_images (id, project_id, url, alt, sort_order) VALUES (236, 46, '/images/realisaties/staalconstructies/staalconstructie-07/g-2.webp', 'Staalconstructie 07', 1);
INSERT INTO project_images (id, project_id, url, alt, sort_order) VALUES (237, 46, '/images/realisaties/staalconstructies/staalconstructie-07/g-3.webp', 'Staalconstructie 07', 2);
INSERT INTO project_images (id, project_id, url, alt, sort_order) VALUES (238, 46, '/images/realisaties/staalconstructies/staalconstructie-07/g-4.webp', 'Staalconstructie 07', 3);
INSERT INTO projects (id, slug, title, category_id, location, year, description, cover_image, published, featured, sort_order, created_at, updated_at) VALUES (47, 'staalconstructie-08', 'Staalconstructie 08', 5, NULL, NULL, 'Een staalconstructie op maat — berekend, gelast en gemonteerd door Thimafer.', '/images/realisaties/staalconstructies/staalconstructie-08/cover.webp', 1, 0, 7, 1717000000, 1717000000);
INSERT INTO project_images (id, project_id, url, alt, sort_order) VALUES (239, 47, '/images/realisaties/staalconstructies/staalconstructie-08/g-1.webp', 'Staalconstructie 08', 0);
INSERT INTO project_images (id, project_id, url, alt, sort_order) VALUES (240, 47, '/images/realisaties/staalconstructies/staalconstructie-08/g-2.webp', 'Staalconstructie 08', 1);
INSERT INTO project_images (id, project_id, url, alt, sort_order) VALUES (241, 47, '/images/realisaties/staalconstructies/staalconstructie-08/g-3.webp', 'Staalconstructie 08', 2);
INSERT INTO project_images (id, project_id, url, alt, sort_order) VALUES (242, 47, '/images/realisaties/staalconstructies/staalconstructie-08/g-4.webp', 'Staalconstructie 08', 3);
INSERT INTO project_images (id, project_id, url, alt, sort_order) VALUES (243, 47, '/images/realisaties/staalconstructies/staalconstructie-08/g-5.webp', 'Staalconstructie 08', 4);
INSERT INTO project_images (id, project_id, url, alt, sort_order) VALUES (244, 47, '/images/realisaties/staalconstructies/staalconstructie-08/g-6.webp', 'Staalconstructie 08', 5);
INSERT INTO project_images (id, project_id, url, alt, sort_order) VALUES (245, 47, '/images/realisaties/staalconstructies/staalconstructie-08/g-7.webp', 'Staalconstructie 08', 6);
INSERT INTO project_images (id, project_id, url, alt, sort_order) VALUES (246, 47, '/images/realisaties/staalconstructies/staalconstructie-08/g-8.webp', 'Staalconstructie 08', 7);
INSERT INTO projects (id, slug, title, category_id, location, year, description, cover_image, published, featured, sort_order, created_at, updated_at) VALUES (48, 'staalconstructie-09', 'Staalconstructie 09', 5, NULL, NULL, 'Een staalconstructie op maat — berekend, gelast en gemonteerd door Thimafer.', '/images/realisaties/staalconstructies/staalconstructie-09/cover.webp', 1, 0, 8, 1717000000, 1717000000);
INSERT INTO project_images (id, project_id, url, alt, sort_order) VALUES (247, 48, '/images/realisaties/staalconstructies/staalconstructie-09/g-1.webp', 'Staalconstructie 09', 0);
INSERT INTO project_images (id, project_id, url, alt, sort_order) VALUES (248, 48, '/images/realisaties/staalconstructies/staalconstructie-09/g-2.webp', 'Staalconstructie 09', 1);
INSERT INTO project_images (id, project_id, url, alt, sort_order) VALUES (249, 48, '/images/realisaties/staalconstructies/staalconstructie-09/g-3.webp', 'Staalconstructie 09', 2);
INSERT INTO project_images (id, project_id, url, alt, sort_order) VALUES (250, 48, '/images/realisaties/staalconstructies/staalconstructie-09/g-4.webp', 'Staalconstructie 09', 3);
INSERT INTO project_images (id, project_id, url, alt, sort_order) VALUES (251, 48, '/images/realisaties/staalconstructies/staalconstructie-09/g-5.webp', 'Staalconstructie 09', 4);
INSERT INTO project_images (id, project_id, url, alt, sort_order) VALUES (252, 48, '/images/realisaties/staalconstructies/staalconstructie-09/g-6.webp', 'Staalconstructie 09', 5);
INSERT INTO project_images (id, project_id, url, alt, sort_order) VALUES (253, 48, '/images/realisaties/staalconstructies/staalconstructie-09/g-7.webp', 'Staalconstructie 09', 6);
INSERT INTO project_images (id, project_id, url, alt, sort_order) VALUES (254, 48, '/images/realisaties/staalconstructies/staalconstructie-09/g-8.webp', 'Staalconstructie 09', 7);
INSERT INTO projects (id, slug, title, category_id, location, year, description, cover_image, published, featured, sort_order, created_at, updated_at) VALUES (49, 'staalconstructie-10', 'Staalconstructie 10', 5, NULL, NULL, 'Een staalconstructie op maat — berekend, gelast en gemonteerd door Thimafer.', '/images/realisaties/staalconstructies/staalconstructie-10/cover.webp', 1, 0, 9, 1717000000, 1717000000);
INSERT INTO project_images (id, project_id, url, alt, sort_order) VALUES (255, 49, '/images/realisaties/staalconstructies/staalconstructie-10/g-1.webp', 'Staalconstructie 10', 0);
INSERT INTO project_images (id, project_id, url, alt, sort_order) VALUES (256, 49, '/images/realisaties/staalconstructies/staalconstructie-10/g-2.webp', 'Staalconstructie 10', 1);
INSERT INTO project_images (id, project_id, url, alt, sort_order) VALUES (257, 49, '/images/realisaties/staalconstructies/staalconstructie-10/g-3.webp', 'Staalconstructie 10', 2);
INSERT INTO project_images (id, project_id, url, alt, sort_order) VALUES (258, 49, '/images/realisaties/staalconstructies/staalconstructie-10/g-4.webp', 'Staalconstructie 10', 3);
INSERT INTO project_images (id, project_id, url, alt, sort_order) VALUES (259, 49, '/images/realisaties/staalconstructies/staalconstructie-10/g-5.webp', 'Staalconstructie 10', 4);
INSERT INTO project_images (id, project_id, url, alt, sort_order) VALUES (260, 49, '/images/realisaties/staalconstructies/staalconstructie-10/g-6.webp', 'Staalconstructie 10', 5);
INSERT INTO project_images (id, project_id, url, alt, sort_order) VALUES (261, 49, '/images/realisaties/staalconstructies/staalconstructie-10/g-7.webp', 'Staalconstructie 10', 6);
INSERT INTO project_images (id, project_id, url, alt, sort_order) VALUES (262, 49, '/images/realisaties/staalconstructies/staalconstructie-10/g-8.webp', 'Staalconstructie 10', 7);
INSERT INTO projects (id, slug, title, category_id, location, year, description, cover_image, published, featured, sort_order, created_at, updated_at) VALUES (50, 'staalconstructie-11', 'Staalconstructie 11', 5, NULL, NULL, 'Een staalconstructie op maat — berekend, gelast en gemonteerd door Thimafer.', '/images/realisaties/staalconstructies/staalconstructie-11/cover.webp', 1, 0, 10, 1717000000, 1717000000);
INSERT INTO project_images (id, project_id, url, alt, sort_order) VALUES (263, 50, '/images/realisaties/staalconstructies/staalconstructie-11/g-1.webp', 'Staalconstructie 11', 0);
INSERT INTO project_images (id, project_id, url, alt, sort_order) VALUES (264, 50, '/images/realisaties/staalconstructies/staalconstructie-11/g-2.webp', 'Staalconstructie 11', 1);
INSERT INTO project_images (id, project_id, url, alt, sort_order) VALUES (265, 50, '/images/realisaties/staalconstructies/staalconstructie-11/g-3.webp', 'Staalconstructie 11', 2);
INSERT INTO project_images (id, project_id, url, alt, sort_order) VALUES (266, 50, '/images/realisaties/staalconstructies/staalconstructie-11/g-4.webp', 'Staalconstructie 11', 3);
INSERT INTO project_images (id, project_id, url, alt, sort_order) VALUES (267, 50, '/images/realisaties/staalconstructies/staalconstructie-11/g-5.webp', 'Staalconstructie 11', 4);
INSERT INTO project_images (id, project_id, url, alt, sort_order) VALUES (268, 50, '/images/realisaties/staalconstructies/staalconstructie-11/g-6.webp', 'Staalconstructie 11', 5);
INSERT INTO project_images (id, project_id, url, alt, sort_order) VALUES (269, 50, '/images/realisaties/staalconstructies/staalconstructie-11/g-7.webp', 'Staalconstructie 11', 6);
INSERT INTO project_images (id, project_id, url, alt, sort_order) VALUES (270, 50, '/images/realisaties/staalconstructies/staalconstructie-11/g-8.webp', 'Staalconstructie 11', 7);
INSERT INTO projects (id, slug, title, category_id, location, year, description, cover_image, published, featured, sort_order, created_at, updated_at) VALUES (51, 'staalconstructie-12', 'Staalconstructie 12', 5, NULL, NULL, 'Een staalconstructie op maat — berekend, gelast en gemonteerd door Thimafer.', '/images/realisaties/staalconstructies/staalconstructie-12/cover.webp', 1, 0, 11, 1717000000, 1717000000);
INSERT INTO project_images (id, project_id, url, alt, sort_order) VALUES (271, 51, '/images/realisaties/staalconstructies/staalconstructie-12/g-1.webp', 'Staalconstructie 12', 0);
INSERT INTO project_images (id, project_id, url, alt, sort_order) VALUES (272, 51, '/images/realisaties/staalconstructies/staalconstructie-12/g-2.webp', 'Staalconstructie 12', 1);
INSERT INTO project_images (id, project_id, url, alt, sort_order) VALUES (273, 51, '/images/realisaties/staalconstructies/staalconstructie-12/g-3.webp', 'Staalconstructie 12', 2);
INSERT INTO project_images (id, project_id, url, alt, sort_order) VALUES (274, 51, '/images/realisaties/staalconstructies/staalconstructie-12/g-4.webp', 'Staalconstructie 12', 3);
INSERT INTO projects (id, slug, title, category_id, location, year, description, cover_image, published, featured, sort_order, created_at, updated_at) VALUES (52, 'staalconstructie-13', 'Staalconstructie 13', 5, NULL, NULL, 'Een staalconstructie op maat — berekend, gelast en gemonteerd door Thimafer.', '/images/realisaties/staalconstructies/staalconstructie-13/cover.webp', 1, 0, 12, 1717000000, 1717000000);
INSERT INTO project_images (id, project_id, url, alt, sort_order) VALUES (275, 52, '/images/realisaties/staalconstructies/staalconstructie-13/g-1.webp', 'Staalconstructie 13', 0);
INSERT INTO project_images (id, project_id, url, alt, sort_order) VALUES (276, 52, '/images/realisaties/staalconstructies/staalconstructie-13/g-2.webp', 'Staalconstructie 13', 1);
INSERT INTO project_images (id, project_id, url, alt, sort_order) VALUES (277, 52, '/images/realisaties/staalconstructies/staalconstructie-13/g-3.webp', 'Staalconstructie 13', 2);
INSERT INTO project_images (id, project_id, url, alt, sort_order) VALUES (278, 52, '/images/realisaties/staalconstructies/staalconstructie-13/g-4.webp', 'Staalconstructie 13', 3);
INSERT INTO project_images (id, project_id, url, alt, sort_order) VALUES (279, 52, '/images/realisaties/staalconstructies/staalconstructie-13/g-5.webp', 'Staalconstructie 13', 4);
INSERT INTO project_images (id, project_id, url, alt, sort_order) VALUES (280, 52, '/images/realisaties/staalconstructies/staalconstructie-13/g-6.webp', 'Staalconstructie 13', 5);
INSERT INTO project_images (id, project_id, url, alt, sort_order) VALUES (281, 52, '/images/realisaties/staalconstructies/staalconstructie-13/g-7.webp', 'Staalconstructie 13', 6);
INSERT INTO project_images (id, project_id, url, alt, sort_order) VALUES (282, 52, '/images/realisaties/staalconstructies/staalconstructie-13/g-8.webp', 'Staalconstructie 13', 7);
INSERT INTO projects (id, slug, title, category_id, location, year, description, cover_image, published, featured, sort_order, created_at, updated_at) VALUES (53, 'staalconstructie-14', 'Staalconstructie 14', 5, NULL, NULL, 'Een staalconstructie op maat — berekend, gelast en gemonteerd door Thimafer.', '/images/realisaties/staalconstructies/staalconstructie-14/cover.webp', 1, 0, 13, 1717000000, 1717000000);
INSERT INTO project_images (id, project_id, url, alt, sort_order) VALUES (283, 53, '/images/realisaties/staalconstructies/staalconstructie-14/g-1.webp', 'Staalconstructie 14', 0);
INSERT INTO project_images (id, project_id, url, alt, sort_order) VALUES (284, 53, '/images/realisaties/staalconstructies/staalconstructie-14/g-2.webp', 'Staalconstructie 14', 1);
INSERT INTO project_images (id, project_id, url, alt, sort_order) VALUES (285, 53, '/images/realisaties/staalconstructies/staalconstructie-14/g-3.webp', 'Staalconstructie 14', 2);
INSERT INTO projects (id, slug, title, category_id, location, year, description, cover_image, published, featured, sort_order, created_at, updated_at) VALUES (54, 'staalconstructie-15', 'Staalconstructie 15', 5, NULL, NULL, 'Een staalconstructie op maat — berekend, gelast en gemonteerd door Thimafer.', '/images/realisaties/staalconstructies/staalconstructie-15/cover.webp', 1, 0, 14, 1717000000, 1717000000);
INSERT INTO project_images (id, project_id, url, alt, sort_order) VALUES (286, 54, '/images/realisaties/staalconstructies/staalconstructie-15/g-1.webp', 'Staalconstructie 15', 0);
INSERT INTO project_images (id, project_id, url, alt, sort_order) VALUES (287, 54, '/images/realisaties/staalconstructies/staalconstructie-15/g-2.webp', 'Staalconstructie 15', 1);
INSERT INTO project_images (id, project_id, url, alt, sort_order) VALUES (288, 54, '/images/realisaties/staalconstructies/staalconstructie-15/g-3.webp', 'Staalconstructie 15', 2);
INSERT INTO project_images (id, project_id, url, alt, sort_order) VALUES (289, 54, '/images/realisaties/staalconstructies/staalconstructie-15/g-4.webp', 'Staalconstructie 15', 3);
INSERT INTO project_images (id, project_id, url, alt, sort_order) VALUES (290, 54, '/images/realisaties/staalconstructies/staalconstructie-15/g-5.webp', 'Staalconstructie 15', 4);
INSERT INTO projects (id, slug, title, category_id, location, year, description, cover_image, published, featured, sort_order, created_at, updated_at) VALUES (55, 'staalconstructie-16', 'Staalconstructie 16', 5, NULL, NULL, 'Een staalconstructie op maat — berekend, gelast en gemonteerd door Thimafer.', '/images/realisaties/staalconstructies/staalconstructie-16/cover.webp', 1, 0, 15, 1717000000, 1717000000);
INSERT INTO project_images (id, project_id, url, alt, sort_order) VALUES (291, 55, '/images/realisaties/staalconstructies/staalconstructie-16/g-1.webp', 'Staalconstructie 16', 0);
INSERT INTO project_images (id, project_id, url, alt, sort_order) VALUES (292, 55, '/images/realisaties/staalconstructies/staalconstructie-16/g-2.webp', 'Staalconstructie 16', 1);
INSERT INTO project_images (id, project_id, url, alt, sort_order) VALUES (293, 55, '/images/realisaties/staalconstructies/staalconstructie-16/g-3.webp', 'Staalconstructie 16', 2);
INSERT INTO project_images (id, project_id, url, alt, sort_order) VALUES (294, 55, '/images/realisaties/staalconstructies/staalconstructie-16/g-4.webp', 'Staalconstructie 16', 3);
INSERT INTO project_images (id, project_id, url, alt, sort_order) VALUES (295, 55, '/images/realisaties/staalconstructies/staalconstructie-16/g-5.webp', 'Staalconstructie 16', 4);
INSERT INTO project_images (id, project_id, url, alt, sort_order) VALUES (296, 55, '/images/realisaties/staalconstructies/staalconstructie-16/g-6.webp', 'Staalconstructie 16', 5);
INSERT INTO project_images (id, project_id, url, alt, sort_order) VALUES (297, 55, '/images/realisaties/staalconstructies/staalconstructie-16/g-7.webp', 'Staalconstructie 16', 6);
INSERT INTO project_images (id, project_id, url, alt, sort_order) VALUES (298, 55, '/images/realisaties/staalconstructies/staalconstructie-16/g-8.webp', 'Staalconstructie 16', 7);
INSERT INTO projects (id, slug, title, category_id, location, year, description, cover_image, published, featured, sort_order, created_at, updated_at) VALUES (56, 'gevelconstructie-01', 'Gevelconstructie 01', 6, NULL, NULL, 'Een stalen gevelconstructie, uitgevoerd met precisie en duurzaamheid.', '/images/realisaties/gevelconstructies/gevelconstructie-01/cover.webp', 1, 1, 0, 1717000000, 1717000000);
INSERT INTO project_images (id, project_id, url, alt, sort_order) VALUES (299, 56, '/images/realisaties/gevelconstructies/gevelconstructie-01/g-1.webp', 'Gevelconstructie 01', 0);
INSERT INTO project_images (id, project_id, url, alt, sort_order) VALUES (300, 56, '/images/realisaties/gevelconstructies/gevelconstructie-01/g-2.webp', 'Gevelconstructie 01', 1);
INSERT INTO projects (id, slug, title, category_id, location, year, description, cover_image, published, featured, sort_order, created_at, updated_at) VALUES (57, 'gevelconstructie-02', 'Gevelconstructie 02', 6, NULL, NULL, 'Een stalen gevelconstructie, uitgevoerd met precisie en duurzaamheid.', '/images/realisaties/gevelconstructies/gevelconstructie-02/cover.webp', 1, 0, 1, 1717000000, 1717000000);
INSERT INTO project_images (id, project_id, url, alt, sort_order) VALUES (301, 57, '/images/realisaties/gevelconstructies/gevelconstructie-02/g-1.webp', 'Gevelconstructie 02', 0);
INSERT INTO project_images (id, project_id, url, alt, sort_order) VALUES (302, 57, '/images/realisaties/gevelconstructies/gevelconstructie-02/g-2.webp', 'Gevelconstructie 02', 1);
INSERT INTO project_images (id, project_id, url, alt, sort_order) VALUES (303, 57, '/images/realisaties/gevelconstructies/gevelconstructie-02/g-3.webp', 'Gevelconstructie 02', 2);
INSERT INTO project_images (id, project_id, url, alt, sort_order) VALUES (304, 57, '/images/realisaties/gevelconstructies/gevelconstructie-02/g-4.webp', 'Gevelconstructie 02', 3);
INSERT INTO project_images (id, project_id, url, alt, sort_order) VALUES (305, 57, '/images/realisaties/gevelconstructies/gevelconstructie-02/g-5.webp', 'Gevelconstructie 02', 4);
INSERT INTO project_images (id, project_id, url, alt, sort_order) VALUES (306, 57, '/images/realisaties/gevelconstructies/gevelconstructie-02/g-6.webp', 'Gevelconstructie 02', 5);
INSERT INTO projects (id, slug, title, category_id, location, year, description, cover_image, published, featured, sort_order, created_at, updated_at) VALUES (58, 'gevelconstructie-03', 'Gevelconstructie 03', 6, NULL, NULL, 'Een stalen gevelconstructie, uitgevoerd met precisie en duurzaamheid.', '/images/realisaties/gevelconstructies/gevelconstructie-03/cover.webp', 1, 0, 2, 1717000000, 1717000000);
INSERT INTO project_images (id, project_id, url, alt, sort_order) VALUES (307, 58, '/images/realisaties/gevelconstructies/gevelconstructie-03/g-1.webp', 'Gevelconstructie 03', 0);
INSERT INTO project_images (id, project_id, url, alt, sort_order) VALUES (308, 58, '/images/realisaties/gevelconstructies/gevelconstructie-03/g-2.webp', 'Gevelconstructie 03', 1);
INSERT INTO project_images (id, project_id, url, alt, sort_order) VALUES (309, 58, '/images/realisaties/gevelconstructies/gevelconstructie-03/g-3.webp', 'Gevelconstructie 03', 2);
INSERT INTO project_images (id, project_id, url, alt, sort_order) VALUES (310, 58, '/images/realisaties/gevelconstructies/gevelconstructie-03/g-4.webp', 'Gevelconstructie 03', 3);
INSERT INTO project_images (id, project_id, url, alt, sort_order) VALUES (311, 58, '/images/realisaties/gevelconstructies/gevelconstructie-03/g-5.webp', 'Gevelconstructie 03', 4);
INSERT INTO project_images (id, project_id, url, alt, sort_order) VALUES (312, 58, '/images/realisaties/gevelconstructies/gevelconstructie-03/g-6.webp', 'Gevelconstructie 03', 5);
INSERT INTO project_images (id, project_id, url, alt, sort_order) VALUES (313, 58, '/images/realisaties/gevelconstructies/gevelconstructie-03/g-7.webp', 'Gevelconstructie 03', 6);
INSERT INTO project_images (id, project_id, url, alt, sort_order) VALUES (314, 58, '/images/realisaties/gevelconstructies/gevelconstructie-03/g-8.webp', 'Gevelconstructie 03', 7);
INSERT INTO projects (id, slug, title, category_id, location, year, description, cover_image, published, featured, sort_order, created_at, updated_at) VALUES (59, 'gevelconstructie-04', 'Gevelconstructie 04', 6, NULL, NULL, 'Een stalen gevelconstructie, uitgevoerd met precisie en duurzaamheid.', '/images/realisaties/gevelconstructies/gevelconstructie-04/cover.webp', 1, 0, 3, 1717000000, 1717000000);
INSERT INTO project_images (id, project_id, url, alt, sort_order) VALUES (315, 59, '/images/realisaties/gevelconstructies/gevelconstructie-04/g-1.webp', 'Gevelconstructie 04', 0);
INSERT INTO project_images (id, project_id, url, alt, sort_order) VALUES (316, 59, '/images/realisaties/gevelconstructies/gevelconstructie-04/g-2.webp', 'Gevelconstructie 04', 1);
INSERT INTO project_images (id, project_id, url, alt, sort_order) VALUES (317, 59, '/images/realisaties/gevelconstructies/gevelconstructie-04/g-3.webp', 'Gevelconstructie 04', 2);
INSERT INTO project_images (id, project_id, url, alt, sort_order) VALUES (318, 59, '/images/realisaties/gevelconstructies/gevelconstructie-04/g-4.webp', 'Gevelconstructie 04', 3);
INSERT INTO project_images (id, project_id, url, alt, sort_order) VALUES (319, 59, '/images/realisaties/gevelconstructies/gevelconstructie-04/g-5.webp', 'Gevelconstructie 04', 4);
INSERT INTO project_images (id, project_id, url, alt, sort_order) VALUES (320, 59, '/images/realisaties/gevelconstructies/gevelconstructie-04/g-6.webp', 'Gevelconstructie 04', 5);
INSERT INTO project_images (id, project_id, url, alt, sort_order) VALUES (321, 59, '/images/realisaties/gevelconstructies/gevelconstructie-04/g-7.webp', 'Gevelconstructie 04', 6);
INSERT INTO project_images (id, project_id, url, alt, sort_order) VALUES (322, 59, '/images/realisaties/gevelconstructies/gevelconstructie-04/g-8.webp', 'Gevelconstructie 04', 7);
INSERT INTO projects (id, slug, title, category_id, location, year, description, cover_image, published, featured, sort_order, created_at, updated_at) VALUES (60, 'gevelconstructie-05', 'Gevelconstructie 05', 6, NULL, NULL, 'Een stalen gevelconstructie, uitgevoerd met precisie en duurzaamheid.', '/images/realisaties/gevelconstructies/gevelconstructie-05/cover.webp', 1, 0, 4, 1717000000, 1717000000);
INSERT INTO project_images (id, project_id, url, alt, sort_order) VALUES (323, 60, '/images/realisaties/gevelconstructies/gevelconstructie-05/g-1.webp', 'Gevelconstructie 05', 0);
INSERT INTO project_images (id, project_id, url, alt, sort_order) VALUES (324, 60, '/images/realisaties/gevelconstructies/gevelconstructie-05/g-2.webp', 'Gevelconstructie 05', 1);
INSERT INTO project_images (id, project_id, url, alt, sort_order) VALUES (325, 60, '/images/realisaties/gevelconstructies/gevelconstructie-05/g-3.webp', 'Gevelconstructie 05', 2);
INSERT INTO project_images (id, project_id, url, alt, sort_order) VALUES (326, 60, '/images/realisaties/gevelconstructies/gevelconstructie-05/g-4.webp', 'Gevelconstructie 05', 3);
INSERT INTO project_images (id, project_id, url, alt, sort_order) VALUES (327, 60, '/images/realisaties/gevelconstructies/gevelconstructie-05/g-5.webp', 'Gevelconstructie 05', 4);
INSERT INTO projects (id, slug, title, category_id, location, year, description, cover_image, published, featured, sort_order, created_at, updated_at) VALUES (61, 'gevelconstructie-06', 'Gevelconstructie 06', 6, NULL, NULL, 'Een stalen gevelconstructie, uitgevoerd met precisie en duurzaamheid.', '/images/realisaties/gevelconstructies/gevelconstructie-06/cover.webp', 1, 0, 5, 1717000000, 1717000000);
INSERT INTO project_images (id, project_id, url, alt, sort_order) VALUES (328, 61, '/images/realisaties/gevelconstructies/gevelconstructie-06/g-1.webp', 'Gevelconstructie 06', 0);
INSERT INTO project_images (id, project_id, url, alt, sort_order) VALUES (329, 61, '/images/realisaties/gevelconstructies/gevelconstructie-06/g-2.webp', 'Gevelconstructie 06', 1);
INSERT INTO project_images (id, project_id, url, alt, sort_order) VALUES (330, 61, '/images/realisaties/gevelconstructies/gevelconstructie-06/g-3.webp', 'Gevelconstructie 06', 2);
INSERT INTO project_images (id, project_id, url, alt, sort_order) VALUES (331, 61, '/images/realisaties/gevelconstructies/gevelconstructie-06/g-4.webp', 'Gevelconstructie 06', 3);
INSERT INTO project_images (id, project_id, url, alt, sort_order) VALUES (332, 61, '/images/realisaties/gevelconstructies/gevelconstructie-06/g-5.webp', 'Gevelconstructie 06', 4);
INSERT INTO project_images (id, project_id, url, alt, sort_order) VALUES (333, 61, '/images/realisaties/gevelconstructies/gevelconstructie-06/g-6.webp', 'Gevelconstructie 06', 5);
INSERT INTO projects (id, slug, title, category_id, location, year, description, cover_image, published, featured, sort_order, created_at, updated_at) VALUES (62, 'gevelconstructie-07', 'Gevelconstructie 07', 6, NULL, NULL, 'Een stalen gevelconstructie, uitgevoerd met precisie en duurzaamheid.', '/images/realisaties/gevelconstructies/gevelconstructie-07/cover.webp', 1, 0, 6, 1717000000, 1717000000);
INSERT INTO project_images (id, project_id, url, alt, sort_order) VALUES (334, 62, '/images/realisaties/gevelconstructies/gevelconstructie-07/g-1.webp', 'Gevelconstructie 07', 0);
INSERT INTO project_images (id, project_id, url, alt, sort_order) VALUES (335, 62, '/images/realisaties/gevelconstructies/gevelconstructie-07/g-2.webp', 'Gevelconstructie 07', 1);
INSERT INTO project_images (id, project_id, url, alt, sort_order) VALUES (336, 62, '/images/realisaties/gevelconstructies/gevelconstructie-07/g-3.webp', 'Gevelconstructie 07', 2);
INSERT INTO project_images (id, project_id, url, alt, sort_order) VALUES (337, 62, '/images/realisaties/gevelconstructies/gevelconstructie-07/g-4.webp', 'Gevelconstructie 07', 3);
INSERT INTO project_images (id, project_id, url, alt, sort_order) VALUES (338, 62, '/images/realisaties/gevelconstructies/gevelconstructie-07/g-5.webp', 'Gevelconstructie 07', 4);
INSERT INTO project_images (id, project_id, url, alt, sort_order) VALUES (339, 62, '/images/realisaties/gevelconstructies/gevelconstructie-07/g-6.webp', 'Gevelconstructie 07', 5);
INSERT INTO project_images (id, project_id, url, alt, sort_order) VALUES (340, 62, '/images/realisaties/gevelconstructies/gevelconstructie-07/g-7.webp', 'Gevelconstructie 07', 6);
INSERT INTO project_images (id, project_id, url, alt, sort_order) VALUES (341, 62, '/images/realisaties/gevelconstructies/gevelconstructie-07/g-8.webp', 'Gevelconstructie 07', 7);
INSERT INTO projects (id, slug, title, category_id, location, year, description, cover_image, published, featured, sort_order, created_at, updated_at) VALUES (63, 'gevelconstructie-08', 'Gevelconstructie 08', 6, NULL, NULL, 'Een stalen gevelconstructie, uitgevoerd met precisie en duurzaamheid.', '/images/realisaties/gevelconstructies/gevelconstructie-08/cover.webp', 1, 0, 7, 1717000000, 1717000000);
INSERT INTO project_images (id, project_id, url, alt, sort_order) VALUES (342, 63, '/images/realisaties/gevelconstructies/gevelconstructie-08/g-1.webp', 'Gevelconstructie 08', 0);
INSERT INTO project_images (id, project_id, url, alt, sort_order) VALUES (343, 63, '/images/realisaties/gevelconstructies/gevelconstructie-08/g-2.webp', 'Gevelconstructie 08', 1);
INSERT INTO project_images (id, project_id, url, alt, sort_order) VALUES (344, 63, '/images/realisaties/gevelconstructies/gevelconstructie-08/g-3.webp', 'Gevelconstructie 08', 2);
INSERT INTO project_images (id, project_id, url, alt, sort_order) VALUES (345, 63, '/images/realisaties/gevelconstructies/gevelconstructie-08/g-4.webp', 'Gevelconstructie 08', 3);
INSERT INTO project_images (id, project_id, url, alt, sort_order) VALUES (346, 63, '/images/realisaties/gevelconstructies/gevelconstructie-08/g-5.webp', 'Gevelconstructie 08', 4);
INSERT INTO project_images (id, project_id, url, alt, sort_order) VALUES (347, 63, '/images/realisaties/gevelconstructies/gevelconstructie-08/g-6.webp', 'Gevelconstructie 08', 5);
INSERT INTO project_images (id, project_id, url, alt, sort_order) VALUES (348, 63, '/images/realisaties/gevelconstructies/gevelconstructie-08/g-7.webp', 'Gevelconstructie 08', 6);
INSERT INTO project_images (id, project_id, url, alt, sort_order) VALUES (349, 63, '/images/realisaties/gevelconstructies/gevelconstructie-08/g-8.webp', 'Gevelconstructie 08', 7);
INSERT INTO projects (id, slug, title, category_id, location, year, description, cover_image, published, featured, sort_order, created_at, updated_at) VALUES (64, 'gevelconstructie-09', 'Gevelconstructie 09', 6, NULL, NULL, 'Een stalen gevelconstructie, uitgevoerd met precisie en duurzaamheid.', '/images/realisaties/gevelconstructies/gevelconstructie-09/cover.webp', 1, 0, 8, 1717000000, 1717000000);
INSERT INTO project_images (id, project_id, url, alt, sort_order) VALUES (350, 64, '/images/realisaties/gevelconstructies/gevelconstructie-09/g-1.webp', 'Gevelconstructie 09', 0);
INSERT INTO project_images (id, project_id, url, alt, sort_order) VALUES (351, 64, '/images/realisaties/gevelconstructies/gevelconstructie-09/g-2.webp', 'Gevelconstructie 09', 1);
INSERT INTO projects (id, slug, title, category_id, location, year, description, cover_image, published, featured, sort_order, created_at, updated_at) VALUES (65, 'gevelconstructie-10', 'Gevelconstructie 10', 6, NULL, NULL, 'Een stalen gevelconstructie, uitgevoerd met precisie en duurzaamheid.', '/images/realisaties/gevelconstructies/gevelconstructie-10/cover.webp', 1, 0, 9, 1717000000, 1717000000);
INSERT INTO project_images (id, project_id, url, alt, sort_order) VALUES (352, 65, '/images/realisaties/gevelconstructies/gevelconstructie-10/g-1.webp', 'Gevelconstructie 10', 0);
INSERT INTO project_images (id, project_id, url, alt, sort_order) VALUES (353, 65, '/images/realisaties/gevelconstructies/gevelconstructie-10/g-2.webp', 'Gevelconstructie 10', 1);
INSERT INTO project_images (id, project_id, url, alt, sort_order) VALUES (354, 65, '/images/realisaties/gevelconstructies/gevelconstructie-10/g-3.webp', 'Gevelconstructie 10', 2);
INSERT INTO project_images (id, project_id, url, alt, sort_order) VALUES (355, 65, '/images/realisaties/gevelconstructies/gevelconstructie-10/g-4.webp', 'Gevelconstructie 10', 3);
INSERT INTO project_images (id, project_id, url, alt, sort_order) VALUES (356, 65, '/images/realisaties/gevelconstructies/gevelconstructie-10/g-5.webp', 'Gevelconstructie 10', 4);
INSERT INTO project_images (id, project_id, url, alt, sort_order) VALUES (357, 65, '/images/realisaties/gevelconstructies/gevelconstructie-10/g-6.webp', 'Gevelconstructie 10', 5);
INSERT INTO project_images (id, project_id, url, alt, sort_order) VALUES (358, 65, '/images/realisaties/gevelconstructies/gevelconstructie-10/g-7.webp', 'Gevelconstructie 10', 6);
INSERT INTO projects (id, slug, title, category_id, location, year, description, cover_image, published, featured, sort_order, created_at, updated_at) VALUES (66, 'gevelconstructie-11', 'Gevelconstructie 11', 6, NULL, NULL, 'Een stalen gevelconstructie, uitgevoerd met precisie en duurzaamheid.', '/images/realisaties/gevelconstructies/gevelconstructie-11/cover.webp', 1, 0, 10, 1717000000, 1717000000);
INSERT INTO project_images (id, project_id, url, alt, sort_order) VALUES (359, 66, '/images/realisaties/gevelconstructies/gevelconstructie-11/g-1.webp', 'Gevelconstructie 11', 0);
INSERT INTO projects (id, slug, title, category_id, location, year, description, cover_image, published, featured, sort_order, created_at, updated_at) VALUES (67, 'stalen-schrijnwerk-01', 'Stalen schrijnwerk 01', 7, NULL, NULL, 'Stalen schrijnwerk met fijne profielen — tijdloos en op maat gemaakt.', '/images/realisaties/stalen-schrijnwerk/stalen-schrijnwerk-01/cover.webp', 1, 1, 0, 1717000000, 1717000000);
INSERT INTO project_images (id, project_id, url, alt, sort_order) VALUES (360, 67, '/images/realisaties/stalen-schrijnwerk/stalen-schrijnwerk-01/g-1.webp', 'Stalen schrijnwerk 01', 0);
INSERT INTO project_images (id, project_id, url, alt, sort_order) VALUES (361, 67, '/images/realisaties/stalen-schrijnwerk/stalen-schrijnwerk-01/g-2.webp', 'Stalen schrijnwerk 01', 1);
INSERT INTO project_images (id, project_id, url, alt, sort_order) VALUES (362, 67, '/images/realisaties/stalen-schrijnwerk/stalen-schrijnwerk-01/g-3.webp', 'Stalen schrijnwerk 01', 2);
INSERT INTO project_images (id, project_id, url, alt, sort_order) VALUES (363, 67, '/images/realisaties/stalen-schrijnwerk/stalen-schrijnwerk-01/g-4.webp', 'Stalen schrijnwerk 01', 3);
INSERT INTO projects (id, slug, title, category_id, location, year, description, cover_image, published, featured, sort_order, created_at, updated_at) VALUES (68, 'stalen-schrijnwerk-02', 'Stalen schrijnwerk 02', 7, NULL, NULL, 'Stalen schrijnwerk met fijne profielen — tijdloos en op maat gemaakt.', '/images/realisaties/stalen-schrijnwerk/stalen-schrijnwerk-02/cover.webp', 1, 0, 1, 1717000000, 1717000000);
INSERT INTO project_images (id, project_id, url, alt, sort_order) VALUES (364, 68, '/images/realisaties/stalen-schrijnwerk/stalen-schrijnwerk-02/g-1.webp', 'Stalen schrijnwerk 02', 0);
INSERT INTO project_images (id, project_id, url, alt, sort_order) VALUES (365, 68, '/images/realisaties/stalen-schrijnwerk/stalen-schrijnwerk-02/g-2.webp', 'Stalen schrijnwerk 02', 1);
INSERT INTO project_images (id, project_id, url, alt, sort_order) VALUES (366, 68, '/images/realisaties/stalen-schrijnwerk/stalen-schrijnwerk-02/g-3.webp', 'Stalen schrijnwerk 02', 2);
INSERT INTO project_images (id, project_id, url, alt, sort_order) VALUES (367, 68, '/images/realisaties/stalen-schrijnwerk/stalen-schrijnwerk-02/g-4.webp', 'Stalen schrijnwerk 02', 3);
INSERT INTO project_images (id, project_id, url, alt, sort_order) VALUES (368, 68, '/images/realisaties/stalen-schrijnwerk/stalen-schrijnwerk-02/g-5.webp', 'Stalen schrijnwerk 02', 4);
INSERT INTO projects (id, slug, title, category_id, location, year, description, cover_image, published, featured, sort_order, created_at, updated_at) VALUES (69, 'stalen-schrijnwerk-03', 'Stalen schrijnwerk 03', 7, NULL, NULL, 'Stalen schrijnwerk met fijne profielen — tijdloos en op maat gemaakt.', '/images/realisaties/stalen-schrijnwerk/stalen-schrijnwerk-03/cover.webp', 1, 0, 2, 1717000000, 1717000000);
INSERT INTO project_images (id, project_id, url, alt, sort_order) VALUES (369, 69, '/images/realisaties/stalen-schrijnwerk/stalen-schrijnwerk-03/g-1.webp', 'Stalen schrijnwerk 03', 0);
INSERT INTO projects (id, slug, title, category_id, location, year, description, cover_image, published, featured, sort_order, created_at, updated_at) VALUES (70, 'stalen-schrijnwerk-04', 'Stalen schrijnwerk 04', 7, NULL, NULL, 'Stalen schrijnwerk met fijne profielen — tijdloos en op maat gemaakt.', '/images/realisaties/stalen-schrijnwerk/stalen-schrijnwerk-04/cover.webp', 1, 0, 3, 1717000000, 1717000000);
INSERT INTO project_images (id, project_id, url, alt, sort_order) VALUES (370, 70, '/images/realisaties/stalen-schrijnwerk/stalen-schrijnwerk-04/g-1.webp', 'Stalen schrijnwerk 04', 0);
INSERT INTO project_images (id, project_id, url, alt, sort_order) VALUES (371, 70, '/images/realisaties/stalen-schrijnwerk/stalen-schrijnwerk-04/g-2.webp', 'Stalen schrijnwerk 04', 1);
INSERT INTO project_images (id, project_id, url, alt, sort_order) VALUES (372, 70, '/images/realisaties/stalen-schrijnwerk/stalen-schrijnwerk-04/g-3.webp', 'Stalen schrijnwerk 04', 2);
INSERT INTO project_images (id, project_id, url, alt, sort_order) VALUES (373, 70, '/images/realisaties/stalen-schrijnwerk/stalen-schrijnwerk-04/g-4.webp', 'Stalen schrijnwerk 04', 3);
INSERT INTO project_images (id, project_id, url, alt, sort_order) VALUES (374, 70, '/images/realisaties/stalen-schrijnwerk/stalen-schrijnwerk-04/g-5.webp', 'Stalen schrijnwerk 04', 4);
INSERT INTO posts (id, slug, title, excerpt, content, cover_image, published, published_at, created_at, updated_at) VALUES (1, 'waarom-maatwerk-in-staal', 'Waarom kiezen voor maatwerk in staal?', 'Staal is sterk, duurzaam en eindeloos vormbaar. Ontdek waarom maatwerk in staal de slimme keuze is voor uw project.', '<p>Staal is een van de meest veelzijdige materialen in de bouw. Het combineert een enorme sterkte met een verrassende vormbaarheid, waardoor het zowel voor fijne details als voor zware draagstructuren ingezet kan worden.</p><p>Bij maatwerk vertrekken we altijd van uw specifieke situatie. Geen standaardmaten, maar een oplossing die exact past — esthetisch én technisch.</p><p>Bovendien is staal 100% recycleerbaar en gaat een goed afgewerkte constructie generaties lang mee.</p>', '/images/feature/atelier.webp', 1, 1717000000, 1717000000, 1717000000);
INSERT INTO posts (id, slug, title, excerpt, content, cover_image, published, published_at, created_at, updated_at) VALUES (2, 'stalen-trappen-stijl-en-duurzaamheid', 'Stalen trappen: stijl én duurzaamheid', 'Een stalen trap is meer dan een verbinding tussen twee verdiepingen. Het is een blikvanger die jaren meegaat.', '<p>Een trap is vaak het eerste wat opvalt in een ruimte. In staal krijgt u strakke lijnen, slanke profielen en een tijdloze uitstraling.</p><p>Of u nu kiest voor een zwevende binnentrap of een robuuste gegalvaniseerde buitentrap: wij tekenen, produceren en plaatsen alles in eigen beheer.</p>', '/images/categories/trappen.webp', 1, 1717086400, 1717000000, 1717000000);
INSERT INTO posts (id, slug, title, excerpt, content, cover_image, published, published_at, created_at, updated_at) VALUES (3, 'van-tekening-tot-montage', 'Van tekening tot montage: zo werkt Thimafer', 'Eén partner, van het eerste tekenwerk tot de plaatsing op de werf. Zo houden we de kwaliteit in eigen hand.', '<p>Bij Thimafer doorloopt elk project hetzelfde duidelijke traject: contact, opmeting, offerte, tekenwerk, productie, afwerking en montage.</p><p>Doordat we alles zelf doen, blijft de communicatie kort en de kwaliteit hoog.</p>', '/images/feature/werkwijze.webp', 1, 1717172800, 1717000000, 1717000000);
PRAGMA foreign_keys=ON;
